-- MobilNiaga Enterprise Multi-Company
-- Semua database dibuat terpisah agar sesuai konsep database-per-service.
SET FOREIGN_KEY_CHECKS=0;
DROP DATABASE IF EXISTS mobilniaga_master;
DROP DATABASE IF EXISTS payment_gateway_db;
DROP DATABASE IF EXISTS delivery_gateway_db;

DROP DATABASE IF EXISTS seller_auto2000_db;
DROP DATABASE IF EXISTS seller_honda_db;
DROP DATABASE IF EXISTS seller_mitsubishi_db;
DROP DATABASE IF EXISTS seller_hyundai_db;
DROP DATABASE IF EXISTS seller_suzuki_db;
DROP DATABASE IF EXISTS seller_wuling_db;

CREATE DATABASE mobilniaga_master CHARACTER SET utf8mb4 COLLATE utf8mb4_unicode_ci;
CREATE DATABASE payment_gateway_db CHARACTER SET utf8mb4 COLLATE utf8mb4_unicode_ci;
CREATE DATABASE delivery_gateway_db CHARACTER SET utf8mb4 COLLATE utf8mb4_unicode_ci;
USE mobilniaga_master;
CREATE TABLE partners(
  partner_code VARCHAR(40) PRIMARY KEY,
  partner_name VARCHAR(160), partner_type VARCHAR(40), db_name VARCHAR(80), api_base_url VARCHAR(255), city VARCHAR(80), status VARCHAR(20), brand_color VARCHAR(20)
);
CREATE TABLE customers(
  customer_global_id VARCHAR(40) PRIMARY KEY, full_name VARCHAR(120), phone VARCHAR(40), email VARCHAR(120) UNIQUE, password VARCHAR(80), city VARCHAR(80), address TEXT, created_at DATETIME
);
CREATE TABLE marketplace_products(
  listing_id VARCHAR(50) PRIMARY KEY, seller_code VARCHAR(40), external_vehicle_code VARCHAR(50), brand VARCHAR(60), model VARCHAR(140), vehicle_type VARCHAR(60), year INT, fuel_type VARCHAR(40), transmission VARCHAR(40), price BIGINT, unit_cost BIGINT, stock_snapshot INT, image_path VARCHAR(255), rating DECIMAL(3,1), description TEXT, status VARCHAR(20)
);
CREATE TABLE orders(
  order_global_id VARCHAR(60) PRIMARY KEY, customer_global_id VARCHAR(40), buyer_name VARCHAR(120), seller_code VARCHAR(40), listing_id VARCHAR(50), vehicle_code VARCHAR(50), qty INT, subtotal BIGINT, shipping_fee BIGINT, discount_amount BIGINT, grand_total BIGINT, payment_method VARCHAR(60), payment_status VARCHAR(30), order_status VARCHAR(30), shipment_status VARCHAR(30), destination_city VARCHAR(80), created_at DATETIME
);
CREATE TABLE order_status_history(history_id INT AUTO_INCREMENT PRIMARY KEY, order_global_id VARCHAR(60), status VARCHAR(40), note VARCHAR(255), created_at DATETIME);
CREATE TABLE payments_summary(payment_summary_id INT AUTO_INCREMENT PRIMARY KEY, order_global_id VARCHAR(60), provider_code VARCHAR(40), provider_name VARCHAR(120), payment_reference VARCHAR(80), amount BIGINT, payment_status VARCHAR(30), paid_at DATETIME);
CREATE TABLE shipments_summary(shipment_summary_id INT AUTO_INCREMENT PRIMARY KEY, order_global_id VARCHAR(60), delivery_code VARCHAR(40), delivery_name VARCHAR(120), tracking_number VARCHAR(80), destination_city VARCHAR(80), shipment_status VARCHAR(40), current_location VARCHAR(120), estimated_arrival DATE, updated_at DATETIME);
CREATE TABLE settlements(settlement_id VARCHAR(60) PRIMARY KEY, order_global_id VARCHAR(60), seller_code VARCHAR(40), provider_code VARCHAR(40), gross_amount BIGINT, marketplace_fee BIGINT, seller_net_amount BIGINT, settlement_status VARCHAR(30), created_at DATETIME);
CREATE TABLE api_logs(log_id INT AUTO_INCREMENT PRIMARY KEY, service_name VARCHAR(120), endpoint VARCHAR(120), method VARCHAR(12), status_code INT, message VARCHAR(255), created_at DATETIME);

INSERT INTO partners (partner_code, partner_name, partner_type, db_name, api_base_url, city, status, brand_color) VALUES ('SELLER-A2000', 'Auto2000 Official Toyota', 'SELLER', 'seller_auto2000_db', 'http://127.0.0.1:8002', 'Jakarta', 'ACTIVE', '#2563eb');
INSERT INTO partners (partner_code, partner_name, partner_type, db_name, api_base_url, city, status, brand_color) VALUES ('SELLER-HONDA', 'Honda Prospect Motor', 'SELLER', 'seller_honda_db', 'http://127.0.0.1:8002', 'Bandung', 'ACTIVE', '#dc2626');
INSERT INTO partners (partner_code, partner_name, partner_type, db_name, api_base_url, city, status, brand_color) VALUES ('SELLER-MITSUBISHI', 'Mitsubishi Motors Krama Yudha', 'SELLER', 'seller_mitsubishi_db', 'http://127.0.0.1:8002', 'Surabaya', 'ACTIVE', '#7c3aed');
INSERT INTO partners (partner_code, partner_name, partner_type, db_name, api_base_url, city, status, brand_color) VALUES ('SELLER-HYUNDAI', 'Hyundai Motors Indonesia', 'SELLER', 'seller_hyundai_db', 'http://127.0.0.1:8002', 'Tangerang', 'ACTIVE', '#0891b2');
INSERT INTO partners (partner_code, partner_name, partner_type, db_name, api_base_url, city, status, brand_color) VALUES ('SELLER-SUZUKI', 'Suzuki Indomobil Sales', 'SELLER', 'seller_suzuki_db', 'http://127.0.0.1:8002', 'Semarang', 'ACTIVE', '#16a34a');
INSERT INTO partners (partner_code, partner_name, partner_type, db_name, api_base_url, city, status, brand_color) VALUES ('SELLER-WULING', 'Wuling Motors Indonesia', 'SELLER', 'seller_wuling_db', 'http://127.0.0.1:8002', 'Bekasi', 'ACTIVE', '#ea580c');
INSERT INTO partners (partner_code, partner_name, partner_type, db_name, api_base_url, city, status, brand_color) VALUES ('FIN-DANA', 'DANA Digital Wallet', 'FINTECH', 'payment_gateway_db', 'http://127.0.0.1:8003', 'Jakarta', 'ACTIVE', '#2563eb');
INSERT INTO partners (partner_code, partner_name, partner_type, db_name, api_base_url, city, status, brand_color) VALUES ('FIN-BANK', 'Bank Kirana Digital', 'FINTECH', 'payment_gateway_db', 'http://127.0.0.1:8003', 'Jakarta', 'ACTIVE', '#16a34a');
INSERT INTO partners (partner_code, partner_name, partner_type, db_name, api_base_url, city, status, brand_color) VALUES ('FIN-GOPAY', 'GoPay Financial Services', 'FINTECH', 'payment_gateway_db', 'http://127.0.0.1:8003', 'Jakarta', 'ACTIVE', '#06b6d4');
INSERT INTO partners (partner_code, partner_name, partner_type, db_name, api_base_url, city, status, brand_color) VALUES ('DEL-SKY', 'SkySend Express', 'DELIVERY', 'delivery_gateway_db', 'http://127.0.0.1:8004', 'Jakarta', 'ACTIVE', '#0ea5e9');
INSERT INTO partners (partner_code, partner_name, partner_type, db_name, api_base_url, city, status, brand_color) VALUES ('DEL-NEO', 'NeoRush Delivery', 'DELIVERY', 'delivery_gateway_db', 'http://127.0.0.1:8004', 'Jakarta', 'ACTIVE', '#f97316');
INSERT INTO partners (partner_code, partner_name, partner_type, db_name, api_base_url, city, status, brand_color) VALUES ('DEL-ORI', 'OrionCargo Logistics', 'DELIVERY', 'delivery_gateway_db', 'http://127.0.0.1:8004', 'Jakarta', 'ACTIVE', '#7c3aed');
INSERT INTO partners (partner_code, partner_name, partner_type, db_name, api_base_url, city, status, brand_color) VALUES ('SUP-ASTRA', 'AstraParts Supply', 'SUPPLIER', 'supplier_gateway_placeholder', 'Jakarta', 'Jakarta', 'ACTIVE', '#64748b');
INSERT INTO partners (partner_code, partner_name, partner_type, db_name, api_base_url, city, status, brand_color) VALUES ('SUP-JDM', 'JDM Auto Distribution', 'SUPPLIER', 'supplier_gateway_placeholder', 'Jakarta', 'Jakarta', 'ACTIVE', '#64748b');
INSERT INTO partners (partner_code, partner_name, partner_type, db_name, api_base_url, city, status, brand_color) VALUES ('SUP-EV', 'EV Mobility Supply', 'SUPPLIER', 'supplier_gateway_placeholder', 'Jakarta', 'Jakarta', 'ACTIVE', '#64748b');
INSERT INTO customers (customer_global_id, full_name, phone, email, password, city, address, created_at) VALUES ('CUST-0001', 'Anne Melanika', '081200000001', 'anne@mail.com', 'anne123', 'Yogyakarta', 'Jl. Kaliurang KM 5, Yogyakarta', '2026-05-01 08:00:00');
INSERT INTO customers (customer_global_id, full_name, phone, email, password, city, address, created_at) VALUES ('CUST-0002', 'Soni Mahardika', '081200000002', 'soni@mail.com', 'soni123', 'Sleman', 'Jl. Magelang, Sleman', '2026-05-01 08:00:00');
INSERT INTO customers (customer_global_id, full_name, phone, email, password, city, address, created_at) VALUES ('CUST-0003', 'Raka Pratama', '081200000003', 'raka@mail.com', 'raka123', 'Jakarta', 'Kebayoran Baru, Jakarta', '2026-05-01 08:00:00');
INSERT INTO customers (customer_global_id, full_name, phone, email, password, city, address, created_at) VALUES ('CUST-0004', 'Nadia Putri', '081200000004', 'nadia@mail.com', 'nadia123', 'Bandung', 'Dago, Bandung', '2026-05-01 08:00:00');
INSERT INTO customers (customer_global_id, full_name, phone, email, password, city, address, created_at) VALUES ('CUST-0005', 'Bima Saputra', '081200000005', 'bima@mail.com', 'bima123', 'Surabaya', 'Wonokromo, Surabaya', '2026-05-01 08:00:00');
INSERT INTO customers (customer_global_id, full_name, phone, email, password, city, address, created_at) VALUES ('CUST-0006', 'Citra Lestari', '081200000006', 'citra@mail.com', 'citra123', 'Semarang', 'Tembalang, Semarang', '2026-05-01 08:00:00');
INSERT INTO customers (customer_global_id, full_name, phone, email, password, city, address, created_at) VALUES ('CUST-0007', 'Dimas Arya', '081200000007', 'dimas@mail.com', 'dimas123', 'Bekasi', 'Summarecon, Bekasi', '2026-05-01 08:00:00');
INSERT INTO customers (customer_global_id, full_name, phone, email, password, city, address, created_at) VALUES ('CUST-0008', 'Farah Amalia', '081200000008', 'farah@mail.com', 'farah123', 'Tangerang', 'BSD, Tangerang', '2026-05-01 08:00:00');
INSERT INTO marketplace_products (listing_id, seller_code, external_vehicle_code, brand, model, vehicle_type, year, fuel_type, transmission, price, unit_cost, stock_snapshot, image_path, rating, description, status) VALUES ('CAR-A2000-001', 'SELLER-A2000', 'CAR-A2000-001', 'Toyota', 'Avanza 1.5 G CVT', 'MPV', 2024, 'Bensin', 'CVT', 268000000, 240000000, 13, 'assets/cars/toyota_avanza.jpg', 4.8, 'Mobil keluarga paling praktis untuk penggunaan harian.', 'ACTIVE');
INSERT INTO marketplace_products (listing_id, seller_code, external_vehicle_code, brand, model, vehicle_type, year, fuel_type, transmission, price, unit_cost, stock_snapshot, image_path, rating, description, status) VALUES ('CAR-A2000-002', 'SELLER-A2000', 'CAR-A2000-002', 'Toyota', 'Fortuner 2.8 VRZ', 'SUV', 2023, 'Diesel', 'Automatic', 624000000, 575000000, 6, 'assets/cars/toyota_fortuner.jpg', 4.9, 'SUV diesel premium untuk perjalanan luar kota.', 'ACTIVE');
INSERT INTO marketplace_products (listing_id, seller_code, external_vehicle_code, brand, model, vehicle_type, year, fuel_type, transmission, price, unit_cost, stock_snapshot, image_path, rating, description, status) VALUES ('CAR-A2000-003', 'SELLER-A2000', 'CAR-A2000-003', 'Toyota', 'Innova Zenix Hybrid', 'MPV Hybrid', 2024, 'Hybrid', 'CVT', 471000000, 430000000, 8, 'assets/cars/toyota_avanza.jpg', 4.9, 'MPV hybrid nyaman untuk keluarga besar.', 'ACTIVE');
INSERT INTO marketplace_products (listing_id, seller_code, external_vehicle_code, brand, model, vehicle_type, year, fuel_type, transmission, price, unit_cost, stock_snapshot, image_path, rating, description, status) VALUES ('CAR-A2000-004', 'SELLER-A2000', 'CAR-A2000-004', 'Daihatsu', 'Terios R Custom', 'SUV', 2023, 'Bensin', 'Automatic', 304000000, 278000000, 7, 'assets/cars/daihatsu_terios.jpg', 4.5, 'SUV kompak untuk kebutuhan keluarga dan touring.', 'ACTIVE');
INSERT INTO marketplace_products (listing_id, seller_code, external_vehicle_code, brand, model, vehicle_type, year, fuel_type, transmission, price, unit_cost, stock_snapshot, image_path, rating, description, status) VALUES ('CAR-HONDA-001', 'SELLER-HONDA', 'CAR-HONDA-001', 'Honda', 'Brio Satya E CVT', 'City Car', 2024, 'Bensin', 'CVT', 198000000, 176000000, 15, 'assets/cars/honda_brio.jpg', 4.7, 'City car irit dan lincah untuk perkotaan.', 'ACTIVE');
INSERT INTO marketplace_products (listing_id, seller_code, external_vehicle_code, brand, model, vehicle_type, year, fuel_type, transmission, price, unit_cost, stock_snapshot, image_path, rating, description, status) VALUES ('CAR-HONDA-002', 'SELLER-HONDA', 'CAR-HONDA-002', 'Honda', 'CR-V Turbo Prestige', 'SUV', 2023, 'Bensin', 'Automatic', 739000000, 690000000, 5, 'assets/cars/honda_brio.jpg', 4.8, 'SUV nyaman dengan fitur keselamatan lengkap.', 'ACTIVE');
INSERT INTO marketplace_products (listing_id, seller_code, external_vehicle_code, brand, model, vehicle_type, year, fuel_type, transmission, price, unit_cost, stock_snapshot, image_path, rating, description, status) VALUES ('CAR-HONDA-003', 'SELLER-HONDA', 'CAR-HONDA-003', 'Honda', 'HR-V RS Turbo', 'SUV Compact', 2024, 'Bensin', 'CVT', 540000000, 500000000, 7, 'assets/cars/honda_brio.jpg', 4.7, 'SUV compact sporty untuk pengguna muda.', 'ACTIVE');
INSERT INTO marketplace_products (listing_id, seller_code, external_vehicle_code, brand, model, vehicle_type, year, fuel_type, transmission, price, unit_cost, stock_snapshot, image_path, rating, description, status) VALUES ('CAR-MITSU-001', 'SELLER-MITSUBISHI', 'CAR-MITSU-001', 'Mitsubishi', 'Xpander Ultimate CVT', 'MPV', 2024, 'Bensin', 'CVT', 335000000, 305000000, 10, 'assets/cars/mitsubishi_xpander.jpg', 4.8, 'MPV keluarga dengan karakter tangguh.', 'ACTIVE');
INSERT INTO marketplace_products (listing_id, seller_code, external_vehicle_code, brand, model, vehicle_type, year, fuel_type, transmission, price, unit_cost, stock_snapshot, image_path, rating, description, status) VALUES ('CAR-MITSU-002', 'SELLER-MITSUBISHI', 'CAR-MITSU-002', 'Mitsubishi', 'Pajero Sport Dakar', 'SUV', 2023, 'Diesel', 'Automatic', 705000000, 650000000, 4, 'assets/cars/mitsubishi_xpander.jpg', 4.9, 'SUV diesel kuat untuk perjalanan berat.', 'ACTIVE');
INSERT INTO marketplace_products (listing_id, seller_code, external_vehicle_code, brand, model, vehicle_type, year, fuel_type, transmission, price, unit_cost, stock_snapshot, image_path, rating, description, status) VALUES ('CAR-MITSU-003', 'SELLER-MITSUBISHI', 'CAR-MITSU-003', 'Mitsubishi', 'Xforce Ultimate', 'SUV Compact', 2024, 'Bensin', 'CVT', 414000000, 380000000, 6, 'assets/cars/mitsubishi_xpander.jpg', 4.6, 'SUV compact modern dengan fitur lengkap.', 'ACTIVE');
INSERT INTO marketplace_products (listing_id, seller_code, external_vehicle_code, brand, model, vehicle_type, year, fuel_type, transmission, price, unit_cost, stock_snapshot, image_path, rating, description, status) VALUES ('CAR-HYUNDAI-001', 'SELLER-HYUNDAI', 'CAR-HYUNDAI-001', 'Hyundai', 'Ioniq 5 Signature', 'EV', 2024, 'Listrik', 'Automatic', 782000000, 720000000, 5, 'assets/cars/hyundai_ioniq5.jpg', 4.9, 'Kendaraan listrik premium untuk mobilitas masa depan.', 'ACTIVE');
INSERT INTO marketplace_products (listing_id, seller_code, external_vehicle_code, brand, model, vehicle_type, year, fuel_type, transmission, price, unit_cost, stock_snapshot, image_path, rating, description, status) VALUES ('CAR-HYUNDAI-002', 'SELLER-HYUNDAI', 'CAR-HYUNDAI-002', 'Hyundai', 'Stargazer Prime', 'MPV', 2024, 'Bensin', 'IVT', 315000000, 288000000, 9, 'assets/cars/hyundai_ioniq5.jpg', 4.6, 'MPV modern dengan kabin luas.', 'ACTIVE');
INSERT INTO marketplace_products (listing_id, seller_code, external_vehicle_code, brand, model, vehicle_type, year, fuel_type, transmission, price, unit_cost, stock_snapshot, image_path, rating, description, status) VALUES ('CAR-SUZUKI-001', 'SELLER-SUZUKI', 'CAR-SUZUKI-001', 'Suzuki', 'Ertiga Hybrid GX', 'MPV Hybrid', 2024, 'Hybrid', 'Automatic', 292000000, 265000000, 11, 'assets/cars/suzuki_ertiga.jpg', 4.6, 'MPV hybrid hemat untuk keluarga.', 'ACTIVE');
INSERT INTO marketplace_products (listing_id, seller_code, external_vehicle_code, brand, model, vehicle_type, year, fuel_type, transmission, price, unit_cost, stock_snapshot, image_path, rating, description, status) VALUES ('CAR-SUZUKI-002', 'SELLER-SUZUKI', 'CAR-SUZUKI-002', 'Suzuki', 'XL7 Alpha', 'SUV Compact', 2024, 'Bensin', 'Automatic', 305000000, 278000000, 8, 'assets/cars/suzuki_ertiga.jpg', 4.5, 'SUV compact tujuh penumpang.', 'ACTIVE');
INSERT INTO marketplace_products (listing_id, seller_code, external_vehicle_code, brand, model, vehicle_type, year, fuel_type, transmission, price, unit_cost, stock_snapshot, image_path, rating, description, status) VALUES ('CAR-WULING-001', 'SELLER-WULING', 'CAR-WULING-001', 'Wuling', 'Air EV Long Range', 'EV', 2024, 'Listrik', 'Automatic', 299000000, 268000000, 10, 'assets/cars/wuling_air_ev.jpg', 4.7, 'EV kompak untuk mobilitas kota.', 'ACTIVE');
INSERT INTO marketplace_products (listing_id, seller_code, external_vehicle_code, brand, model, vehicle_type, year, fuel_type, transmission, price, unit_cost, stock_snapshot, image_path, rating, description, status) VALUES ('CAR-WULING-002', 'SELLER-WULING', 'CAR-WULING-002', 'Wuling', 'Alvez EX', 'SUV Compact', 2024, 'Bensin', 'CVT', 295000000, 267000000, 9, 'assets/cars/wuling_air_ev.jpg', 4.5, 'SUV terjangkau dengan fitur modern.', 'ACTIVE');
INSERT INTO orders (order_global_id, customer_global_id, buyer_name, seller_code, listing_id, vehicle_code, qty, subtotal, shipping_fee, discount_amount, grand_total, payment_method, payment_status, order_status, shipment_status, destination_city, created_at) VALUES ('ORD-MN-20260001', 'CUST-0004', 'Nadia Putri', 'SELLER-MITSUBISHI', 'CAR-MITSU-001', 'CAR-MITSU-001', 1, 335000000, 7500000, 0, 342500000, 'Bank Kirana Digital', 'PAID', 'SHIPPED', 'ON_DELIVERY', 'Bandung', '2026-05-02 10:00:00');
INSERT INTO order_status_history (order_global_id, status, note, created_at) VALUES ('ORD-MN-20260001', 'ORDER_CREATED', 'Order dibuat dari marketplace', '2026-05-02 10:00:00');
INSERT INTO payments_summary (order_global_id, provider_code, provider_name, payment_reference, amount, payment_status, paid_at) VALUES ('ORD-MN-20260001', 'FIN-BANK', 'Bank Kirana Digital', 'PAY-00001', 342500000, 'PAID', '2026-05-02 10:02:00');
INSERT INTO shipments_summary (order_global_id, delivery_code, delivery_name, tracking_number, destination_city, shipment_status, current_location, estimated_arrival, updated_at) VALUES ('ORD-MN-20260001', 'DEL-ORI', 'OrionCargo Logistics', 'TRK-MN-00001', 'Bandung', 'ON_DELIVERY', 'Distribution Hub', '2026-05-07', '2026-05-02 12:00:00');
INSERT INTO settlements (settlement_id, order_global_id, seller_code, provider_code, gross_amount, marketplace_fee, seller_net_amount, settlement_status, created_at) VALUES ('SET-00001', 'ORD-MN-20260001', 'SELLER-MITSUBISHI', 'FIN-BANK', 342500000, 10275000, 332225000, 'PENDING', '2026-05-03 10:00:00');
INSERT INTO orders (order_global_id, customer_global_id, buyer_name, seller_code, listing_id, vehicle_code, qty, subtotal, shipping_fee, discount_amount, grand_total, payment_method, payment_status, order_status, shipment_status, destination_city, created_at) VALUES ('ORD-MN-20260002', 'CUST-0007', 'Dimas Arya', 'SELLER-WULING', 'CAR-WULING-001', 'CAR-WULING-001', 1, 299000000, 3500000, 0, 302500000, 'GoPay Financial Services', 'PAID', 'PAID', 'READY_TO_SHIP', 'Bekasi', '2026-05-03 11:00:00');
INSERT INTO order_status_history (order_global_id, status, note, created_at) VALUES ('ORD-MN-20260002', 'ORDER_CREATED', 'Order dibuat dari marketplace', '2026-05-03 11:00:00');
INSERT INTO payments_summary (order_global_id, provider_code, provider_name, payment_reference, amount, payment_status, paid_at) VALUES ('ORD-MN-20260002', 'FIN-GOPAY', 'GoPay Financial Services', 'PAY-00002', 302500000, 'PAID', '2026-05-03 11:02:00');
INSERT INTO shipments_summary (order_global_id, delivery_code, delivery_name, tracking_number, destination_city, shipment_status, current_location, estimated_arrival, updated_at) VALUES ('ORD-MN-20260002', 'DEL-SKY', 'SkySend Express', 'TRK-MN-00002', 'Bekasi', 'READY_TO_SHIP', 'Distribution Hub', '2026-05-08', '2026-05-03 13:00:00');
INSERT INTO settlements (settlement_id, order_global_id, seller_code, provider_code, gross_amount, marketplace_fee, seller_net_amount, settlement_status, created_at) VALUES ('SET-00002', 'ORD-MN-20260002', 'SELLER-WULING', 'FIN-GOPAY', 302500000, 9075000, 293425000, 'PENDING', '2026-05-04 11:00:00');
INSERT INTO orders (order_global_id, customer_global_id, buyer_name, seller_code, listing_id, vehicle_code, qty, subtotal, shipping_fee, discount_amount, grand_total, payment_method, payment_status, order_status, shipment_status, destination_city, created_at) VALUES ('ORD-MN-20260003', 'CUST-0002', 'Soni Mahardika', 'SELLER-HONDA', 'CAR-HONDA-002', 'CAR-HONDA-002', 1, 739000000, 3500000, 0, 742500000, 'DANA Digital Wallet', 'PAID', 'DELIVERED', 'DELIVERED', 'Sleman', '2026-05-04 12:00:00');
INSERT INTO order_status_history (order_global_id, status, note, created_at) VALUES ('ORD-MN-20260003', 'ORDER_CREATED', 'Order dibuat dari marketplace', '2026-05-04 12:00:00');
INSERT INTO payments_summary (order_global_id, provider_code, provider_name, payment_reference, amount, payment_status, paid_at) VALUES ('ORD-MN-20260003', 'FIN-DANA', 'DANA Digital Wallet', 'PAY-00003', 742500000, 'PAID', '2026-05-04 12:02:00');
INSERT INTO shipments_summary (order_global_id, delivery_code, delivery_name, tracking_number, destination_city, shipment_status, current_location, estimated_arrival, updated_at) VALUES ('ORD-MN-20260003', 'DEL-NEO', 'NeoRush Delivery', 'TRK-MN-00003', 'Sleman', 'DELIVERED', 'Sleman', '2026-05-09', '2026-05-04 14:00:00');
INSERT INTO settlements (settlement_id, order_global_id, seller_code, provider_code, gross_amount, marketplace_fee, seller_net_amount, settlement_status, created_at) VALUES ('SET-00003', 'ORD-MN-20260003', 'SELLER-HONDA', 'FIN-DANA', 742500000, 22275000, 720225000, 'SETTLED', '2026-05-05 12:00:00');
INSERT INTO orders (order_global_id, customer_global_id, buyer_name, seller_code, listing_id, vehicle_code, qty, subtotal, shipping_fee, discount_amount, grand_total, payment_method, payment_status, order_status, shipment_status, destination_city, created_at) VALUES ('ORD-MN-20260004', 'CUST-0005', 'Bima Saputra', 'SELLER-SUZUKI', 'CAR-SUZUKI-001', 'CAR-SUZUKI-001', 1, 292000000, 7500000, 0, 299500000, 'Bank Kirana Digital', 'PAID', 'DELIVERED', 'DELIVERED', 'Surabaya', '2026-05-05 13:00:00');
INSERT INTO order_status_history (order_global_id, status, note, created_at) VALUES ('ORD-MN-20260004', 'ORDER_CREATED', 'Order dibuat dari marketplace', '2026-05-05 13:00:00');
INSERT INTO payments_summary (order_global_id, provider_code, provider_name, payment_reference, amount, payment_status, paid_at) VALUES ('ORD-MN-20260004', 'FIN-BANK', 'Bank Kirana Digital', 'PAY-00004', 299500000, 'PAID', '2026-05-05 13:02:00');
INSERT INTO shipments_summary (order_global_id, delivery_code, delivery_name, tracking_number, destination_city, shipment_status, current_location, estimated_arrival, updated_at) VALUES ('ORD-MN-20260004', 'DEL-ORI', 'OrionCargo Logistics', 'TRK-MN-00004', 'Surabaya', 'DELIVERED', 'Surabaya', '2026-05-10', '2026-05-05 15:00:00');
INSERT INTO settlements (settlement_id, order_global_id, seller_code, provider_code, gross_amount, marketplace_fee, seller_net_amount, settlement_status, created_at) VALUES ('SET-00004', 'ORD-MN-20260004', 'SELLER-SUZUKI', 'FIN-BANK', 299500000, 8985000, 290515000, 'SETTLED', '2026-05-06 13:00:00');
INSERT INTO orders (order_global_id, customer_global_id, buyer_name, seller_code, listing_id, vehicle_code, qty, subtotal, shipping_fee, discount_amount, grand_total, payment_method, payment_status, order_status, shipment_status, destination_city, created_at) VALUES ('ORD-MN-20260005', 'CUST-0008', 'Farah Amalia', 'SELLER-A2000', 'CAR-A2000-004', 'CAR-A2000-004', 1, 304000000, 3500000, 1000000, 306500000, 'GoPay Financial Services', 'PAID', 'DELIVERED', 'DELIVERED', 'Tangerang', '2026-05-06 14:00:00');
INSERT INTO order_status_history (order_global_id, status, note, created_at) VALUES ('ORD-MN-20260005', 'ORDER_CREATED', 'Order dibuat dari marketplace', '2026-05-06 14:00:00');
INSERT INTO payments_summary (order_global_id, provider_code, provider_name, payment_reference, amount, payment_status, paid_at) VALUES ('ORD-MN-20260005', 'FIN-GOPAY', 'GoPay Financial Services', 'PAY-00005', 306500000, 'PAID', '2026-05-06 14:02:00');
INSERT INTO shipments_summary (order_global_id, delivery_code, delivery_name, tracking_number, destination_city, shipment_status, current_location, estimated_arrival, updated_at) VALUES ('ORD-MN-20260005', 'DEL-SKY', 'SkySend Express', 'TRK-MN-00005', 'Tangerang', 'DELIVERED', 'Tangerang', '2026-05-11', '2026-05-06 16:00:00');
INSERT INTO settlements (settlement_id, order_global_id, seller_code, provider_code, gross_amount, marketplace_fee, seller_net_amount, settlement_status, created_at) VALUES ('SET-00005', 'ORD-MN-20260005', 'SELLER-A2000', 'FIN-GOPAY', 306500000, 9195000, 297305000, 'SETTLED', '2026-05-07 14:00:00');
INSERT INTO orders (order_global_id, customer_global_id, buyer_name, seller_code, listing_id, vehicle_code, qty, subtotal, shipping_fee, discount_amount, grand_total, payment_method, payment_status, order_status, shipment_status, destination_city, created_at) VALUES ('ORD-MN-20260006', 'CUST-0003', 'Raka Pratama', 'SELLER-HYUNDAI', 'CAR-HYUNDAI-001', 'CAR-HYUNDAI-001', 1, 782000000, 3500000, 0, 785500000, 'DANA Digital Wallet', 'PAID', 'SHIPPED', 'ON_DELIVERY', 'Jakarta', '2026-05-07 15:00:00');
INSERT INTO order_status_history (order_global_id, status, note, created_at) VALUES ('ORD-MN-20260006', 'ORDER_CREATED', 'Order dibuat dari marketplace', '2026-05-07 15:00:00');
INSERT INTO payments_summary (order_global_id, provider_code, provider_name, payment_reference, amount, payment_status, paid_at) VALUES ('ORD-MN-20260006', 'FIN-DANA', 'DANA Digital Wallet', 'PAY-00006', 785500000, 'PAID', '2026-05-07 15:02:00');
INSERT INTO shipments_summary (order_global_id, delivery_code, delivery_name, tracking_number, destination_city, shipment_status, current_location, estimated_arrival, updated_at) VALUES ('ORD-MN-20260006', 'DEL-NEO', 'NeoRush Delivery', 'TRK-MN-00006', 'Jakarta', 'ON_DELIVERY', 'Distribution Hub', '2026-05-12', '2026-05-07 17:00:00');
INSERT INTO settlements (settlement_id, order_global_id, seller_code, provider_code, gross_amount, marketplace_fee, seller_net_amount, settlement_status, created_at) VALUES ('SET-00006', 'ORD-MN-20260006', 'SELLER-HYUNDAI', 'FIN-DANA', 785500000, 23565000, 761935000, 'PENDING', '2026-05-08 15:00:00');
INSERT INTO orders (order_global_id, customer_global_id, buyer_name, seller_code, listing_id, vehicle_code, qty, subtotal, shipping_fee, discount_amount, grand_total, payment_method, payment_status, order_status, shipment_status, destination_city, created_at) VALUES ('ORD-MN-20260007', 'CUST-0006', 'Citra Lestari', 'SELLER-A2000', 'CAR-A2000-002', 'CAR-A2000-002', 1, 624000000, 7500000, 0, 631500000, 'Bank Kirana Digital', 'PAID', 'PAID', 'READY_TO_SHIP', 'Semarang', '2026-05-08 16:00:00');
INSERT INTO order_status_history (order_global_id, status, note, created_at) VALUES ('ORD-MN-20260007', 'ORDER_CREATED', 'Order dibuat dari marketplace', '2026-05-08 16:00:00');
INSERT INTO payments_summary (order_global_id, provider_code, provider_name, payment_reference, amount, payment_status, paid_at) VALUES ('ORD-MN-20260007', 'FIN-BANK', 'Bank Kirana Digital', 'PAY-00007', 631500000, 'PAID', '2026-05-08 16:02:00');
INSERT INTO shipments_summary (order_global_id, delivery_code, delivery_name, tracking_number, destination_city, shipment_status, current_location, estimated_arrival, updated_at) VALUES ('ORD-MN-20260007', 'DEL-ORI', 'OrionCargo Logistics', 'TRK-MN-00007', 'Semarang', 'READY_TO_SHIP', 'Distribution Hub', '2026-05-13', '2026-05-08 18:00:00');
INSERT INTO settlements (settlement_id, order_global_id, seller_code, provider_code, gross_amount, marketplace_fee, seller_net_amount, settlement_status, created_at) VALUES ('SET-00007', 'ORD-MN-20260007', 'SELLER-A2000', 'FIN-BANK', 631500000, 18945000, 612555000, 'PENDING', '2026-05-09 16:00:00');
INSERT INTO orders (order_global_id, customer_global_id, buyer_name, seller_code, listing_id, vehicle_code, qty, subtotal, shipping_fee, discount_amount, grand_total, payment_method, payment_status, order_status, shipment_status, destination_city, created_at) VALUES ('ORD-MN-20260008', 'CUST-0001', 'Anne Melanika', 'SELLER-MITSUBISHI', 'CAR-MITSU-002', 'CAR-MITSU-002', 1, 705000000, 3500000, 0, 708500000, 'GoPay Financial Services', 'PAID', 'DELIVERED', 'DELIVERED', 'Yogyakarta', '2026-05-09 09:00:00');
INSERT INTO order_status_history (order_global_id, status, note, created_at) VALUES ('ORD-MN-20260008', 'ORDER_CREATED', 'Order dibuat dari marketplace', '2026-05-09 09:00:00');
INSERT INTO payments_summary (order_global_id, provider_code, provider_name, payment_reference, amount, payment_status, paid_at) VALUES ('ORD-MN-20260008', 'FIN-GOPAY', 'GoPay Financial Services', 'PAY-00008', 708500000, 'PAID', '2026-05-09 09:02:00');
INSERT INTO shipments_summary (order_global_id, delivery_code, delivery_name, tracking_number, destination_city, shipment_status, current_location, estimated_arrival, updated_at) VALUES ('ORD-MN-20260008', 'DEL-SKY', 'SkySend Express', 'TRK-MN-00008', 'Yogyakarta', 'DELIVERED', 'Yogyakarta', '2026-05-14', '2026-05-09 11:00:00');
INSERT INTO settlements (settlement_id, order_global_id, seller_code, provider_code, gross_amount, marketplace_fee, seller_net_amount, settlement_status, created_at) VALUES ('SET-00008', 'ORD-MN-20260008', 'SELLER-MITSUBISHI', 'FIN-GOPAY', 708500000, 21255000, 687245000, 'SETTLED', '2026-05-10 09:00:00');
INSERT INTO orders (order_global_id, customer_global_id, buyer_name, seller_code, listing_id, vehicle_code, qty, subtotal, shipping_fee, discount_amount, grand_total, payment_method, payment_status, order_status, shipment_status, destination_city, created_at) VALUES ('ORD-MN-20260009', 'CUST-0004', 'Nadia Putri', 'SELLER-WULING', 'CAR-WULING-002', 'CAR-WULING-002', 1, 295000000, 3500000, 0, 298500000, 'DANA Digital Wallet', 'PAID', 'DELIVERED', 'DELIVERED', 'Bandung', '2026-05-10 10:00:00');
INSERT INTO order_status_history (order_global_id, status, note, created_at) VALUES ('ORD-MN-20260009', 'ORDER_CREATED', 'Order dibuat dari marketplace', '2026-05-10 10:00:00');
INSERT INTO payments_summary (order_global_id, provider_code, provider_name, payment_reference, amount, payment_status, paid_at) VALUES ('ORD-MN-20260009', 'FIN-DANA', 'DANA Digital Wallet', 'PAY-00009', 298500000, 'PAID', '2026-05-10 10:02:00');
INSERT INTO shipments_summary (order_global_id, delivery_code, delivery_name, tracking_number, destination_city, shipment_status, current_location, estimated_arrival, updated_at) VALUES ('ORD-MN-20260009', 'DEL-NEO', 'NeoRush Delivery', 'TRK-MN-00009', 'Bandung', 'DELIVERED', 'Bandung', '2026-05-15', '2026-05-10 12:00:00');
INSERT INTO settlements (settlement_id, order_global_id, seller_code, provider_code, gross_amount, marketplace_fee, seller_net_amount, settlement_status, created_at) VALUES ('SET-00009', 'ORD-MN-20260009', 'SELLER-WULING', 'FIN-DANA', 298500000, 8955000, 289545000, 'SETTLED', '2026-05-11 10:00:00');
INSERT INTO orders (order_global_id, customer_global_id, buyer_name, seller_code, listing_id, vehicle_code, qty, subtotal, shipping_fee, discount_amount, grand_total, payment_method, payment_status, order_status, shipment_status, destination_city, created_at) VALUES ('ORD-MN-20260010', 'CUST-0007', 'Dimas Arya', 'SELLER-HONDA', 'CAR-HONDA-003', 'CAR-HONDA-003', 1, 540000000, 7500000, 1000000, 546500000, 'Bank Kirana Digital', 'PAID', 'DELIVERED', 'DELIVERED', 'Bekasi', '2026-05-11 11:00:00');
INSERT INTO order_status_history (order_global_id, status, note, created_at) VALUES ('ORD-MN-20260010', 'ORDER_CREATED', 'Order dibuat dari marketplace', '2026-05-11 11:00:00');
INSERT INTO payments_summary (order_global_id, provider_code, provider_name, payment_reference, amount, payment_status, paid_at) VALUES ('ORD-MN-20260010', 'FIN-BANK', 'Bank Kirana Digital', 'PAY-00010', 546500000, 'PAID', '2026-05-11 11:02:00');
INSERT INTO shipments_summary (order_global_id, delivery_code, delivery_name, tracking_number, destination_city, shipment_status, current_location, estimated_arrival, updated_at) VALUES ('ORD-MN-20260010', 'DEL-ORI', 'OrionCargo Logistics', 'TRK-MN-00010', 'Bekasi', 'DELIVERED', 'Bekasi', '2026-05-16', '2026-05-11 13:00:00');
INSERT INTO settlements (settlement_id, order_global_id, seller_code, provider_code, gross_amount, marketplace_fee, seller_net_amount, settlement_status, created_at) VALUES ('SET-00010', 'ORD-MN-20260010', 'SELLER-HONDA', 'FIN-BANK', 546500000, 16395000, 530105000, 'SETTLED', '2026-05-12 11:00:00');
INSERT INTO orders (order_global_id, customer_global_id, buyer_name, seller_code, listing_id, vehicle_code, qty, subtotal, shipping_fee, discount_amount, grand_total, payment_method, payment_status, order_status, shipment_status, destination_city, created_at) VALUES ('ORD-MN-20260011', 'CUST-0002', 'Soni Mahardika', 'SELLER-SUZUKI', 'CAR-SUZUKI-002', 'CAR-SUZUKI-002', 1, 305000000, 3500000, 0, 308500000, 'GoPay Financial Services', 'PAID', 'SHIPPED', 'ON_DELIVERY', 'Sleman', '2026-05-12 12:00:00');
INSERT INTO order_status_history (order_global_id, status, note, created_at) VALUES ('ORD-MN-20260011', 'ORDER_CREATED', 'Order dibuat dari marketplace', '2026-05-12 12:00:00');
INSERT INTO payments_summary (order_global_id, provider_code, provider_name, payment_reference, amount, payment_status, paid_at) VALUES ('ORD-MN-20260011', 'FIN-GOPAY', 'GoPay Financial Services', 'PAY-00011', 308500000, 'PAID', '2026-05-12 12:02:00');
INSERT INTO shipments_summary (order_global_id, delivery_code, delivery_name, tracking_number, destination_city, shipment_status, current_location, estimated_arrival, updated_at) VALUES ('ORD-MN-20260011', 'DEL-SKY', 'SkySend Express', 'TRK-MN-00011', 'Sleman', 'ON_DELIVERY', 'Distribution Hub', '2026-05-17', '2026-05-12 14:00:00');
INSERT INTO settlements (settlement_id, order_global_id, seller_code, provider_code, gross_amount, marketplace_fee, seller_net_amount, settlement_status, created_at) VALUES ('SET-00011', 'ORD-MN-20260011', 'SELLER-SUZUKI', 'FIN-GOPAY', 308500000, 9255000, 299245000, 'PENDING', '2026-05-13 12:00:00');
INSERT INTO orders (order_global_id, customer_global_id, buyer_name, seller_code, listing_id, vehicle_code, qty, subtotal, shipping_fee, discount_amount, grand_total, payment_method, payment_status, order_status, shipment_status, destination_city, created_at) VALUES ('ORD-MN-20260012', 'CUST-0005', 'Bima Saputra', 'SELLER-HONDA', 'CAR-HONDA-001', 'CAR-HONDA-001', 1, 198000000, 3500000, 0, 201500000, 'DANA Digital Wallet', 'PAID', 'PAID', 'READY_TO_SHIP', 'Surabaya', '2026-05-13 13:00:00');
INSERT INTO order_status_history (order_global_id, status, note, created_at) VALUES ('ORD-MN-20260012', 'ORDER_CREATED', 'Order dibuat dari marketplace', '2026-05-13 13:00:00');
INSERT INTO payments_summary (order_global_id, provider_code, provider_name, payment_reference, amount, payment_status, paid_at) VALUES ('ORD-MN-20260012', 'FIN-DANA', 'DANA Digital Wallet', 'PAY-00012', 201500000, 'PAID', '2026-05-13 13:02:00');
INSERT INTO shipments_summary (order_global_id, delivery_code, delivery_name, tracking_number, destination_city, shipment_status, current_location, estimated_arrival, updated_at) VALUES ('ORD-MN-20260012', 'DEL-NEO', 'NeoRush Delivery', 'TRK-MN-00012', 'Surabaya', 'READY_TO_SHIP', 'Distribution Hub', '2026-05-18', '2026-05-13 15:00:00');
INSERT INTO settlements (settlement_id, order_global_id, seller_code, provider_code, gross_amount, marketplace_fee, seller_net_amount, settlement_status, created_at) VALUES ('SET-00012', 'ORD-MN-20260012', 'SELLER-HONDA', 'FIN-DANA', 201500000, 6045000, 195455000, 'PENDING', '2026-05-14 13:00:00');
INSERT INTO orders (order_global_id, customer_global_id, buyer_name, seller_code, listing_id, vehicle_code, qty, subtotal, shipping_fee, discount_amount, grand_total, payment_method, payment_status, order_status, shipment_status, destination_city, created_at) VALUES ('ORD-MN-20260013', 'CUST-0008', 'Farah Amalia', 'SELLER-HYUNDAI', 'CAR-HYUNDAI-002', 'CAR-HYUNDAI-002', 1, 315000000, 7500000, 0, 322500000, 'Bank Kirana Digital', 'PAID', 'DELIVERED', 'DELIVERED', 'Tangerang', '2026-05-14 14:00:00');
INSERT INTO order_status_history (order_global_id, status, note, created_at) VALUES ('ORD-MN-20260013', 'ORDER_CREATED', 'Order dibuat dari marketplace', '2026-05-14 14:00:00');
INSERT INTO payments_summary (order_global_id, provider_code, provider_name, payment_reference, amount, payment_status, paid_at) VALUES ('ORD-MN-20260013', 'FIN-BANK', 'Bank Kirana Digital', 'PAY-00013', 322500000, 'PAID', '2026-05-14 14:02:00');
INSERT INTO shipments_summary (order_global_id, delivery_code, delivery_name, tracking_number, destination_city, shipment_status, current_location, estimated_arrival, updated_at) VALUES ('ORD-MN-20260013', 'DEL-ORI', 'OrionCargo Logistics', 'TRK-MN-00013', 'Tangerang', 'DELIVERED', 'Tangerang', '2026-05-19', '2026-05-14 16:00:00');
INSERT INTO settlements (settlement_id, order_global_id, seller_code, provider_code, gross_amount, marketplace_fee, seller_net_amount, settlement_status, created_at) VALUES ('SET-00013', 'ORD-MN-20260013', 'SELLER-HYUNDAI', 'FIN-BANK', 322500000, 9675000, 312825000, 'SETTLED', '2026-05-15 14:00:00');
INSERT INTO orders (order_global_id, customer_global_id, buyer_name, seller_code, listing_id, vehicle_code, qty, subtotal, shipping_fee, discount_amount, grand_total, payment_method, payment_status, order_status, shipment_status, destination_city, created_at) VALUES ('ORD-MN-20260014', 'CUST-0003', 'Raka Pratama', 'SELLER-A2000', 'CAR-A2000-003', 'CAR-A2000-003', 1, 471000000, 3500000, 0, 474500000, 'GoPay Financial Services', 'PAID', 'DELIVERED', 'DELIVERED', 'Jakarta', '2026-05-15 15:00:00');
INSERT INTO order_status_history (order_global_id, status, note, created_at) VALUES ('ORD-MN-20260014', 'ORDER_CREATED', 'Order dibuat dari marketplace', '2026-05-15 15:00:00');
INSERT INTO payments_summary (order_global_id, provider_code, provider_name, payment_reference, amount, payment_status, paid_at) VALUES ('ORD-MN-20260014', 'FIN-GOPAY', 'GoPay Financial Services', 'PAY-00014', 474500000, 'PAID', '2026-05-15 15:02:00');
INSERT INTO shipments_summary (order_global_id, delivery_code, delivery_name, tracking_number, destination_city, shipment_status, current_location, estimated_arrival, updated_at) VALUES ('ORD-MN-20260014', 'DEL-SKY', 'SkySend Express', 'TRK-MN-00014', 'Jakarta', 'DELIVERED', 'Jakarta', '2026-05-20', '2026-05-15 17:00:00');
INSERT INTO settlements (settlement_id, order_global_id, seller_code, provider_code, gross_amount, marketplace_fee, seller_net_amount, settlement_status, created_at) VALUES ('SET-00014', 'ORD-MN-20260014', 'SELLER-A2000', 'FIN-GOPAY', 474500000, 14235000, 460265000, 'SETTLED', '2026-05-16 15:00:00');
INSERT INTO orders (order_global_id, customer_global_id, buyer_name, seller_code, listing_id, vehicle_code, qty, subtotal, shipping_fee, discount_amount, grand_total, payment_method, payment_status, order_status, shipment_status, destination_city, created_at) VALUES ('ORD-MN-20260015', 'CUST-0006', 'Citra Lestari', 'SELLER-MITSUBISHI', 'CAR-MITSU-003', 'CAR-MITSU-003', 1, 414000000, 3500000, 1000000, 416500000, 'DANA Digital Wallet', 'PAID', 'DELIVERED', 'DELIVERED', 'Semarang', '2026-05-16 16:00:00');
INSERT INTO order_status_history (order_global_id, status, note, created_at) VALUES ('ORD-MN-20260015', 'ORDER_CREATED', 'Order dibuat dari marketplace', '2026-05-16 16:00:00');
INSERT INTO payments_summary (order_global_id, provider_code, provider_name, payment_reference, amount, payment_status, paid_at) VALUES ('ORD-MN-20260015', 'FIN-DANA', 'DANA Digital Wallet', 'PAY-00015', 416500000, 'PAID', '2026-05-16 16:02:00');
INSERT INTO shipments_summary (order_global_id, delivery_code, delivery_name, tracking_number, destination_city, shipment_status, current_location, estimated_arrival, updated_at) VALUES ('ORD-MN-20260015', 'DEL-NEO', 'NeoRush Delivery', 'TRK-MN-00015', 'Semarang', 'DELIVERED', 'Semarang', '2026-05-21', '2026-05-16 18:00:00');
INSERT INTO settlements (settlement_id, order_global_id, seller_code, provider_code, gross_amount, marketplace_fee, seller_net_amount, settlement_status, created_at) VALUES ('SET-00015', 'ORD-MN-20260015', 'SELLER-MITSUBISHI', 'FIN-DANA', 416500000, 12495000, 404005000, 'SETTLED', '2026-05-17 16:00:00');
INSERT INTO orders (order_global_id, customer_global_id, buyer_name, seller_code, listing_id, vehicle_code, qty, subtotal, shipping_fee, discount_amount, grand_total, payment_method, payment_status, order_status, shipment_status, destination_city, created_at) VALUES ('ORD-MN-20260016', 'CUST-0001', 'Anne Melanika', 'SELLER-A2000', 'CAR-A2000-001', 'CAR-A2000-001', 1, 268000000, 7500000, 0, 275500000, 'Bank Kirana Digital', 'PAID', 'SHIPPED', 'ON_DELIVERY', 'Yogyakarta', '2026-05-17 09:00:00');
INSERT INTO order_status_history (order_global_id, status, note, created_at) VALUES ('ORD-MN-20260016', 'ORDER_CREATED', 'Order dibuat dari marketplace', '2026-05-17 09:00:00');
INSERT INTO payments_summary (order_global_id, provider_code, provider_name, payment_reference, amount, payment_status, paid_at) VALUES ('ORD-MN-20260016', 'FIN-BANK', 'Bank Kirana Digital', 'PAY-00016', 275500000, 'PAID', '2026-05-17 09:02:00');
INSERT INTO shipments_summary (order_global_id, delivery_code, delivery_name, tracking_number, destination_city, shipment_status, current_location, estimated_arrival, updated_at) VALUES ('ORD-MN-20260016', 'DEL-ORI', 'OrionCargo Logistics', 'TRK-MN-00016', 'Yogyakarta', 'ON_DELIVERY', 'Distribution Hub', '2026-05-22', '2026-05-17 11:00:00');
INSERT INTO settlements (settlement_id, order_global_id, seller_code, provider_code, gross_amount, marketplace_fee, seller_net_amount, settlement_status, created_at) VALUES ('SET-00016', 'ORD-MN-20260016', 'SELLER-A2000', 'FIN-BANK', 275500000, 8265000, 267235000, 'PENDING', '2026-05-18 09:00:00');
INSERT INTO orders (order_global_id, customer_global_id, buyer_name, seller_code, listing_id, vehicle_code, qty, subtotal, shipping_fee, discount_amount, grand_total, payment_method, payment_status, order_status, shipment_status, destination_city, created_at) VALUES ('ORD-MN-20260017', 'CUST-0004', 'Nadia Putri', 'SELLER-MITSUBISHI', 'CAR-MITSU-001', 'CAR-MITSU-001', 1, 335000000, 3500000, 0, 338500000, 'GoPay Financial Services', 'PAID', 'PAID', 'READY_TO_SHIP', 'Bandung', '2026-05-18 10:00:00');
INSERT INTO order_status_history (order_global_id, status, note, created_at) VALUES ('ORD-MN-20260017', 'ORDER_CREATED', 'Order dibuat dari marketplace', '2026-05-18 10:00:00');
INSERT INTO payments_summary (order_global_id, provider_code, provider_name, payment_reference, amount, payment_status, paid_at) VALUES ('ORD-MN-20260017', 'FIN-GOPAY', 'GoPay Financial Services', 'PAY-00017', 338500000, 'PAID', '2026-05-18 10:02:00');
INSERT INTO shipments_summary (order_global_id, delivery_code, delivery_name, tracking_number, destination_city, shipment_status, current_location, estimated_arrival, updated_at) VALUES ('ORD-MN-20260017', 'DEL-SKY', 'SkySend Express', 'TRK-MN-00017', 'Bandung', 'READY_TO_SHIP', 'Distribution Hub', '2026-05-23', '2026-05-18 12:00:00');
INSERT INTO settlements (settlement_id, order_global_id, seller_code, provider_code, gross_amount, marketplace_fee, seller_net_amount, settlement_status, created_at) VALUES ('SET-00017', 'ORD-MN-20260017', 'SELLER-MITSUBISHI', 'FIN-GOPAY', 338500000, 10155000, 328345000, 'PENDING', '2026-05-19 10:00:00');
INSERT INTO orders (order_global_id, customer_global_id, buyer_name, seller_code, listing_id, vehicle_code, qty, subtotal, shipping_fee, discount_amount, grand_total, payment_method, payment_status, order_status, shipment_status, destination_city, created_at) VALUES ('ORD-MN-20260018', 'CUST-0007', 'Dimas Arya', 'SELLER-WULING', 'CAR-WULING-001', 'CAR-WULING-001', 1, 299000000, 3500000, 0, 302500000, 'DANA Digital Wallet', 'PAID', 'DELIVERED', 'DELIVERED', 'Bekasi', '2026-05-19 11:00:00');
INSERT INTO order_status_history (order_global_id, status, note, created_at) VALUES ('ORD-MN-20260018', 'ORDER_CREATED', 'Order dibuat dari marketplace', '2026-05-19 11:00:00');
INSERT INTO payments_summary (order_global_id, provider_code, provider_name, payment_reference, amount, payment_status, paid_at) VALUES ('ORD-MN-20260018', 'FIN-DANA', 'DANA Digital Wallet', 'PAY-00018', 302500000, 'PAID', '2026-05-19 11:02:00');
INSERT INTO shipments_summary (order_global_id, delivery_code, delivery_name, tracking_number, destination_city, shipment_status, current_location, estimated_arrival, updated_at) VALUES ('ORD-MN-20260018', 'DEL-NEO', 'NeoRush Delivery', 'TRK-MN-00018', 'Bekasi', 'DELIVERED', 'Bekasi', '2026-05-24', '2026-05-19 13:00:00');
INSERT INTO settlements (settlement_id, order_global_id, seller_code, provider_code, gross_amount, marketplace_fee, seller_net_amount, settlement_status, created_at) VALUES ('SET-00018', 'ORD-MN-20260018', 'SELLER-WULING', 'FIN-DANA', 302500000, 9075000, 293425000, 'SETTLED', '2026-05-20 11:00:00');
INSERT INTO orders (order_global_id, customer_global_id, buyer_name, seller_code, listing_id, vehicle_code, qty, subtotal, shipping_fee, discount_amount, grand_total, payment_method, payment_status, order_status, shipment_status, destination_city, created_at) VALUES ('ORD-MN-20260019', 'CUST-0002', 'Soni Mahardika', 'SELLER-HONDA', 'CAR-HONDA-002', 'CAR-HONDA-002', 1, 739000000, 7500000, 0, 746500000, 'Bank Kirana Digital', 'PAID', 'DELIVERED', 'DELIVERED', 'Sleman', '2026-05-20 12:00:00');
INSERT INTO order_status_history (order_global_id, status, note, created_at) VALUES ('ORD-MN-20260019', 'ORDER_CREATED', 'Order dibuat dari marketplace', '2026-05-20 12:00:00');
INSERT INTO payments_summary (order_global_id, provider_code, provider_name, payment_reference, amount, payment_status, paid_at) VALUES ('ORD-MN-20260019', 'FIN-BANK', 'Bank Kirana Digital', 'PAY-00019', 746500000, 'PAID', '2026-05-20 12:02:00');
INSERT INTO shipments_summary (order_global_id, delivery_code, delivery_name, tracking_number, destination_city, shipment_status, current_location, estimated_arrival, updated_at) VALUES ('ORD-MN-20260019', 'DEL-ORI', 'OrionCargo Logistics', 'TRK-MN-00019', 'Sleman', 'DELIVERED', 'Sleman', '2026-05-25', '2026-05-20 14:00:00');
INSERT INTO settlements (settlement_id, order_global_id, seller_code, provider_code, gross_amount, marketplace_fee, seller_net_amount, settlement_status, created_at) VALUES ('SET-00019', 'ORD-MN-20260019', 'SELLER-HONDA', 'FIN-BANK', 746500000, 22395000, 724105000, 'SETTLED', '2026-05-21 12:00:00');
INSERT INTO orders (order_global_id, customer_global_id, buyer_name, seller_code, listing_id, vehicle_code, qty, subtotal, shipping_fee, discount_amount, grand_total, payment_method, payment_status, order_status, shipment_status, destination_city, created_at) VALUES ('ORD-MN-20260020', 'CUST-0005', 'Bima Saputra', 'SELLER-SUZUKI', 'CAR-SUZUKI-001', 'CAR-SUZUKI-001', 1, 292000000, 3500000, 1000000, 294500000, 'GoPay Financial Services', 'PAID', 'DELIVERED', 'DELIVERED', 'Surabaya', '2026-05-21 13:00:00');
INSERT INTO order_status_history (order_global_id, status, note, created_at) VALUES ('ORD-MN-20260020', 'ORDER_CREATED', 'Order dibuat dari marketplace', '2026-05-21 13:00:00');
INSERT INTO payments_summary (order_global_id, provider_code, provider_name, payment_reference, amount, payment_status, paid_at) VALUES ('ORD-MN-20260020', 'FIN-GOPAY', 'GoPay Financial Services', 'PAY-00020', 294500000, 'PAID', '2026-05-21 13:02:00');
INSERT INTO shipments_summary (order_global_id, delivery_code, delivery_name, tracking_number, destination_city, shipment_status, current_location, estimated_arrival, updated_at) VALUES ('ORD-MN-20260020', 'DEL-SKY', 'SkySend Express', 'TRK-MN-00020', 'Surabaya', 'DELIVERED', 'Surabaya', '2026-05-26', '2026-05-21 15:00:00');
INSERT INTO settlements (settlement_id, order_global_id, seller_code, provider_code, gross_amount, marketplace_fee, seller_net_amount, settlement_status, created_at) VALUES ('SET-00020', 'ORD-MN-20260020', 'SELLER-SUZUKI', 'FIN-GOPAY', 294500000, 8835000, 285665000, 'SETTLED', '2026-05-22 13:00:00');
INSERT INTO orders (order_global_id, customer_global_id, buyer_name, seller_code, listing_id, vehicle_code, qty, subtotal, shipping_fee, discount_amount, grand_total, payment_method, payment_status, order_status, shipment_status, destination_city, created_at) VALUES ('ORD-MN-20260021', 'CUST-0008', 'Farah Amalia', 'SELLER-A2000', 'CAR-A2000-004', 'CAR-A2000-004', 1, 304000000, 3500000, 0, 307500000, 'DANA Digital Wallet', 'PAID', 'SHIPPED', 'ON_DELIVERY', 'Tangerang', '2026-05-22 14:00:00');
INSERT INTO order_status_history (order_global_id, status, note, created_at) VALUES ('ORD-MN-20260021', 'ORDER_CREATED', 'Order dibuat dari marketplace', '2026-05-22 14:00:00');
INSERT INTO payments_summary (order_global_id, provider_code, provider_name, payment_reference, amount, payment_status, paid_at) VALUES ('ORD-MN-20260021', 'FIN-DANA', 'DANA Digital Wallet', 'PAY-00021', 307500000, 'PAID', '2026-05-22 14:02:00');
INSERT INTO shipments_summary (order_global_id, delivery_code, delivery_name, tracking_number, destination_city, shipment_status, current_location, estimated_arrival, updated_at) VALUES ('ORD-MN-20260021', 'DEL-NEO', 'NeoRush Delivery', 'TRK-MN-00021', 'Tangerang', 'ON_DELIVERY', 'Distribution Hub', '2026-05-27', '2026-05-22 16:00:00');
INSERT INTO settlements (settlement_id, order_global_id, seller_code, provider_code, gross_amount, marketplace_fee, seller_net_amount, settlement_status, created_at) VALUES ('SET-00021', 'ORD-MN-20260021', 'SELLER-A2000', 'FIN-DANA', 307500000, 9225000, 298275000, 'PENDING', '2026-05-23 14:00:00');
INSERT INTO orders (order_global_id, customer_global_id, buyer_name, seller_code, listing_id, vehicle_code, qty, subtotal, shipping_fee, discount_amount, grand_total, payment_method, payment_status, order_status, shipment_status, destination_city, created_at) VALUES ('ORD-MN-20260022', 'CUST-0003', 'Raka Pratama', 'SELLER-HYUNDAI', 'CAR-HYUNDAI-001', 'CAR-HYUNDAI-001', 1, 782000000, 7500000, 0, 789500000, 'Bank Kirana Digital', 'PAID', 'PAID', 'READY_TO_SHIP', 'Jakarta', '2026-05-23 15:00:00');
INSERT INTO order_status_history (order_global_id, status, note, created_at) VALUES ('ORD-MN-20260022', 'ORDER_CREATED', 'Order dibuat dari marketplace', '2026-05-23 15:00:00');
INSERT INTO payments_summary (order_global_id, provider_code, provider_name, payment_reference, amount, payment_status, paid_at) VALUES ('ORD-MN-20260022', 'FIN-BANK', 'Bank Kirana Digital', 'PAY-00022', 789500000, 'PAID', '2026-05-23 15:02:00');
INSERT INTO shipments_summary (order_global_id, delivery_code, delivery_name, tracking_number, destination_city, shipment_status, current_location, estimated_arrival, updated_at) VALUES ('ORD-MN-20260022', 'DEL-ORI', 'OrionCargo Logistics', 'TRK-MN-00022', 'Jakarta', 'READY_TO_SHIP', 'Distribution Hub', '2026-05-28', '2026-05-23 17:00:00');
INSERT INTO settlements (settlement_id, order_global_id, seller_code, provider_code, gross_amount, marketplace_fee, seller_net_amount, settlement_status, created_at) VALUES ('SET-00022', 'ORD-MN-20260022', 'SELLER-HYUNDAI', 'FIN-BANK', 789500000, 23685000, 765815000, 'PENDING', '2026-05-24 15:00:00');
INSERT INTO orders (order_global_id, customer_global_id, buyer_name, seller_code, listing_id, vehicle_code, qty, subtotal, shipping_fee, discount_amount, grand_total, payment_method, payment_status, order_status, shipment_status, destination_city, created_at) VALUES ('ORD-MN-20260023', 'CUST-0006', 'Citra Lestari', 'SELLER-A2000', 'CAR-A2000-002', 'CAR-A2000-002', 1, 624000000, 3500000, 0, 627500000, 'GoPay Financial Services', 'PAID', 'DELIVERED', 'DELIVERED', 'Semarang', '2026-05-24 16:00:00');
INSERT INTO order_status_history (order_global_id, status, note, created_at) VALUES ('ORD-MN-20260023', 'ORDER_CREATED', 'Order dibuat dari marketplace', '2026-05-24 16:00:00');
INSERT INTO payments_summary (order_global_id, provider_code, provider_name, payment_reference, amount, payment_status, paid_at) VALUES ('ORD-MN-20260023', 'FIN-GOPAY', 'GoPay Financial Services', 'PAY-00023', 627500000, 'PAID', '2026-05-24 16:02:00');
INSERT INTO shipments_summary (order_global_id, delivery_code, delivery_name, tracking_number, destination_city, shipment_status, current_location, estimated_arrival, updated_at) VALUES ('ORD-MN-20260023', 'DEL-SKY', 'SkySend Express', 'TRK-MN-00023', 'Semarang', 'DELIVERED', 'Semarang', '2026-05-29', '2026-05-24 18:00:00');
INSERT INTO settlements (settlement_id, order_global_id, seller_code, provider_code, gross_amount, marketplace_fee, seller_net_amount, settlement_status, created_at) VALUES ('SET-00023', 'ORD-MN-20260023', 'SELLER-A2000', 'FIN-GOPAY', 627500000, 18825000, 608675000, 'SETTLED', '2026-05-25 16:00:00');
INSERT INTO orders (order_global_id, customer_global_id, buyer_name, seller_code, listing_id, vehicle_code, qty, subtotal, shipping_fee, discount_amount, grand_total, payment_method, payment_status, order_status, shipment_status, destination_city, created_at) VALUES ('ORD-MN-20260024', 'CUST-0001', 'Anne Melanika', 'SELLER-MITSUBISHI', 'CAR-MITSU-002', 'CAR-MITSU-002', 1, 705000000, 3500000, 0, 708500000, 'DANA Digital Wallet', 'PAID', 'DELIVERED', 'DELIVERED', 'Yogyakarta', '2026-05-01 09:00:00');
INSERT INTO order_status_history (order_global_id, status, note, created_at) VALUES ('ORD-MN-20260024', 'ORDER_CREATED', 'Order dibuat dari marketplace', '2026-05-01 09:00:00');
INSERT INTO payments_summary (order_global_id, provider_code, provider_name, payment_reference, amount, payment_status, paid_at) VALUES ('ORD-MN-20260024', 'FIN-DANA', 'DANA Digital Wallet', 'PAY-00024', 708500000, 'PAID', '2026-05-01 09:02:00');
INSERT INTO shipments_summary (order_global_id, delivery_code, delivery_name, tracking_number, destination_city, shipment_status, current_location, estimated_arrival, updated_at) VALUES ('ORD-MN-20260024', 'DEL-NEO', 'NeoRush Delivery', 'TRK-MN-00024', 'Yogyakarta', 'DELIVERED', 'Yogyakarta', '2026-05-06', '2026-05-01 11:00:00');
INSERT INTO settlements (settlement_id, order_global_id, seller_code, provider_code, gross_amount, marketplace_fee, seller_net_amount, settlement_status, created_at) VALUES ('SET-00024', 'ORD-MN-20260024', 'SELLER-MITSUBISHI', 'FIN-DANA', 708500000, 21255000, 687245000, 'SETTLED', '2026-05-02 09:00:00');
INSERT INTO orders (order_global_id, customer_global_id, buyer_name, seller_code, listing_id, vehicle_code, qty, subtotal, shipping_fee, discount_amount, grand_total, payment_method, payment_status, order_status, shipment_status, destination_city, created_at) VALUES ('ORD-MN-20260025', 'CUST-0004', 'Nadia Putri', 'SELLER-WULING', 'CAR-WULING-002', 'CAR-WULING-002', 1, 295000000, 7500000, 1000000, 301500000, 'Bank Kirana Digital', 'PAID', 'DELIVERED', 'DELIVERED', 'Bandung', '2026-05-02 10:00:00');
INSERT INTO order_status_history (order_global_id, status, note, created_at) VALUES ('ORD-MN-20260025', 'ORDER_CREATED', 'Order dibuat dari marketplace', '2026-05-02 10:00:00');
INSERT INTO payments_summary (order_global_id, provider_code, provider_name, payment_reference, amount, payment_status, paid_at) VALUES ('ORD-MN-20260025', 'FIN-BANK', 'Bank Kirana Digital', 'PAY-00025', 301500000, 'PAID', '2026-05-02 10:02:00');
INSERT INTO shipments_summary (order_global_id, delivery_code, delivery_name, tracking_number, destination_city, shipment_status, current_location, estimated_arrival, updated_at) VALUES ('ORD-MN-20260025', 'DEL-ORI', 'OrionCargo Logistics', 'TRK-MN-00025', 'Bandung', 'DELIVERED', 'Bandung', '2026-05-07', '2026-05-02 12:00:00');
INSERT INTO settlements (settlement_id, order_global_id, seller_code, provider_code, gross_amount, marketplace_fee, seller_net_amount, settlement_status, created_at) VALUES ('SET-00025', 'ORD-MN-20260025', 'SELLER-WULING', 'FIN-BANK', 301500000, 9045000, 292455000, 'SETTLED', '2026-05-03 10:00:00');
INSERT INTO orders (order_global_id, customer_global_id, buyer_name, seller_code, listing_id, vehicle_code, qty, subtotal, shipping_fee, discount_amount, grand_total, payment_method, payment_status, order_status, shipment_status, destination_city, created_at) VALUES ('ORD-MN-20260026', 'CUST-0007', 'Dimas Arya', 'SELLER-HONDA', 'CAR-HONDA-003', 'CAR-HONDA-003', 1, 540000000, 3500000, 0, 543500000, 'GoPay Financial Services', 'PAID', 'SHIPPED', 'ON_DELIVERY', 'Bekasi', '2026-05-03 11:00:00');
INSERT INTO order_status_history (order_global_id, status, note, created_at) VALUES ('ORD-MN-20260026', 'ORDER_CREATED', 'Order dibuat dari marketplace', '2026-05-03 11:00:00');
INSERT INTO payments_summary (order_global_id, provider_code, provider_name, payment_reference, amount, payment_status, paid_at) VALUES ('ORD-MN-20260026', 'FIN-GOPAY', 'GoPay Financial Services', 'PAY-00026', 543500000, 'PAID', '2026-05-03 11:02:00');
INSERT INTO shipments_summary (order_global_id, delivery_code, delivery_name, tracking_number, destination_city, shipment_status, current_location, estimated_arrival, updated_at) VALUES ('ORD-MN-20260026', 'DEL-SKY', 'SkySend Express', 'TRK-MN-00026', 'Bekasi', 'ON_DELIVERY', 'Distribution Hub', '2026-05-08', '2026-05-03 13:00:00');
INSERT INTO settlements (settlement_id, order_global_id, seller_code, provider_code, gross_amount, marketplace_fee, seller_net_amount, settlement_status, created_at) VALUES ('SET-00026', 'ORD-MN-20260026', 'SELLER-HONDA', 'FIN-GOPAY', 543500000, 16305000, 527195000, 'PENDING', '2026-05-04 11:00:00');
INSERT INTO orders (order_global_id, customer_global_id, buyer_name, seller_code, listing_id, vehicle_code, qty, subtotal, shipping_fee, discount_amount, grand_total, payment_method, payment_status, order_status, shipment_status, destination_city, created_at) VALUES ('ORD-MN-20260027', 'CUST-0002', 'Soni Mahardika', 'SELLER-SUZUKI', 'CAR-SUZUKI-002', 'CAR-SUZUKI-002', 1, 305000000, 3500000, 0, 308500000, 'DANA Digital Wallet', 'PAID', 'PAID', 'READY_TO_SHIP', 'Sleman', '2026-05-04 12:00:00');
INSERT INTO order_status_history (order_global_id, status, note, created_at) VALUES ('ORD-MN-20260027', 'ORDER_CREATED', 'Order dibuat dari marketplace', '2026-05-04 12:00:00');
INSERT INTO payments_summary (order_global_id, provider_code, provider_name, payment_reference, amount, payment_status, paid_at) VALUES ('ORD-MN-20260027', 'FIN-DANA', 'DANA Digital Wallet', 'PAY-00027', 308500000, 'PAID', '2026-05-04 12:02:00');
INSERT INTO shipments_summary (order_global_id, delivery_code, delivery_name, tracking_number, destination_city, shipment_status, current_location, estimated_arrival, updated_at) VALUES ('ORD-MN-20260027', 'DEL-NEO', 'NeoRush Delivery', 'TRK-MN-00027', 'Sleman', 'READY_TO_SHIP', 'Distribution Hub', '2026-05-09', '2026-05-04 14:00:00');
INSERT INTO settlements (settlement_id, order_global_id, seller_code, provider_code, gross_amount, marketplace_fee, seller_net_amount, settlement_status, created_at) VALUES ('SET-00027', 'ORD-MN-20260027', 'SELLER-SUZUKI', 'FIN-DANA', 308500000, 9255000, 299245000, 'PENDING', '2026-05-05 12:00:00');
INSERT INTO orders (order_global_id, customer_global_id, buyer_name, seller_code, listing_id, vehicle_code, qty, subtotal, shipping_fee, discount_amount, grand_total, payment_method, payment_status, order_status, shipment_status, destination_city, created_at) VALUES ('ORD-MN-20260028', 'CUST-0005', 'Bima Saputra', 'SELLER-HONDA', 'CAR-HONDA-001', 'CAR-HONDA-001', 1, 198000000, 7500000, 0, 205500000, 'Bank Kirana Digital', 'PAID', 'DELIVERED', 'DELIVERED', 'Surabaya', '2026-05-05 13:00:00');
INSERT INTO order_status_history (order_global_id, status, note, created_at) VALUES ('ORD-MN-20260028', 'ORDER_CREATED', 'Order dibuat dari marketplace', '2026-05-05 13:00:00');
INSERT INTO payments_summary (order_global_id, provider_code, provider_name, payment_reference, amount, payment_status, paid_at) VALUES ('ORD-MN-20260028', 'FIN-BANK', 'Bank Kirana Digital', 'PAY-00028', 205500000, 'PAID', '2026-05-05 13:02:00');
INSERT INTO shipments_summary (order_global_id, delivery_code, delivery_name, tracking_number, destination_city, shipment_status, current_location, estimated_arrival, updated_at) VALUES ('ORD-MN-20260028', 'DEL-ORI', 'OrionCargo Logistics', 'TRK-MN-00028', 'Surabaya', 'DELIVERED', 'Surabaya', '2026-05-10', '2026-05-05 15:00:00');
INSERT INTO settlements (settlement_id, order_global_id, seller_code, provider_code, gross_amount, marketplace_fee, seller_net_amount, settlement_status, created_at) VALUES ('SET-00028', 'ORD-MN-20260028', 'SELLER-HONDA', 'FIN-BANK', 205500000, 6165000, 199335000, 'SETTLED', '2026-05-06 13:00:00');
INSERT INTO orders (order_global_id, customer_global_id, buyer_name, seller_code, listing_id, vehicle_code, qty, subtotal, shipping_fee, discount_amount, grand_total, payment_method, payment_status, order_status, shipment_status, destination_city, created_at) VALUES ('ORD-MN-20260029', 'CUST-0008', 'Farah Amalia', 'SELLER-HYUNDAI', 'CAR-HYUNDAI-002', 'CAR-HYUNDAI-002', 1, 315000000, 3500000, 0, 318500000, 'GoPay Financial Services', 'PAID', 'DELIVERED', 'DELIVERED', 'Tangerang', '2026-05-06 14:00:00');
INSERT INTO order_status_history (order_global_id, status, note, created_at) VALUES ('ORD-MN-20260029', 'ORDER_CREATED', 'Order dibuat dari marketplace', '2026-05-06 14:00:00');
INSERT INTO payments_summary (order_global_id, provider_code, provider_name, payment_reference, amount, payment_status, paid_at) VALUES ('ORD-MN-20260029', 'FIN-GOPAY', 'GoPay Financial Services', 'PAY-00029', 318500000, 'PAID', '2026-05-06 14:02:00');
INSERT INTO shipments_summary (order_global_id, delivery_code, delivery_name, tracking_number, destination_city, shipment_status, current_location, estimated_arrival, updated_at) VALUES ('ORD-MN-20260029', 'DEL-SKY', 'SkySend Express', 'TRK-MN-00029', 'Tangerang', 'DELIVERED', 'Tangerang', '2026-05-11', '2026-05-06 16:00:00');
INSERT INTO settlements (settlement_id, order_global_id, seller_code, provider_code, gross_amount, marketplace_fee, seller_net_amount, settlement_status, created_at) VALUES ('SET-00029', 'ORD-MN-20260029', 'SELLER-HYUNDAI', 'FIN-GOPAY', 318500000, 9555000, 308945000, 'SETTLED', '2026-05-07 14:00:00');
INSERT INTO orders (order_global_id, customer_global_id, buyer_name, seller_code, listing_id, vehicle_code, qty, subtotal, shipping_fee, discount_amount, grand_total, payment_method, payment_status, order_status, shipment_status, destination_city, created_at) VALUES ('ORD-MN-20260030', 'CUST-0003', 'Raka Pratama', 'SELLER-A2000', 'CAR-A2000-003', 'CAR-A2000-003', 1, 471000000, 3500000, 1000000, 473500000, 'DANA Digital Wallet', 'PAID', 'DELIVERED', 'DELIVERED', 'Jakarta', '2026-05-07 15:00:00');
INSERT INTO order_status_history (order_global_id, status, note, created_at) VALUES ('ORD-MN-20260030', 'ORDER_CREATED', 'Order dibuat dari marketplace', '2026-05-07 15:00:00');
INSERT INTO payments_summary (order_global_id, provider_code, provider_name, payment_reference, amount, payment_status, paid_at) VALUES ('ORD-MN-20260030', 'FIN-DANA', 'DANA Digital Wallet', 'PAY-00030', 473500000, 'PAID', '2026-05-07 15:02:00');
INSERT INTO shipments_summary (order_global_id, delivery_code, delivery_name, tracking_number, destination_city, shipment_status, current_location, estimated_arrival, updated_at) VALUES ('ORD-MN-20260030', 'DEL-NEO', 'NeoRush Delivery', 'TRK-MN-00030', 'Jakarta', 'DELIVERED', 'Jakarta', '2026-05-12', '2026-05-07 17:00:00');
INSERT INTO settlements (settlement_id, order_global_id, seller_code, provider_code, gross_amount, marketplace_fee, seller_net_amount, settlement_status, created_at) VALUES ('SET-00030', 'ORD-MN-20260030', 'SELLER-A2000', 'FIN-DANA', 473500000, 14205000, 459295000, 'SETTLED', '2026-05-08 15:00:00');
INSERT INTO orders (order_global_id, customer_global_id, buyer_name, seller_code, listing_id, vehicle_code, qty, subtotal, shipping_fee, discount_amount, grand_total, payment_method, payment_status, order_status, shipment_status, destination_city, created_at) VALUES ('ORD-MN-20260031', 'CUST-0006', 'Citra Lestari', 'SELLER-MITSUBISHI', 'CAR-MITSU-003', 'CAR-MITSU-003', 1, 414000000, 7500000, 0, 421500000, 'Bank Kirana Digital', 'PAID', 'SHIPPED', 'ON_DELIVERY', 'Semarang', '2026-05-08 16:00:00');
INSERT INTO order_status_history (order_global_id, status, note, created_at) VALUES ('ORD-MN-20260031', 'ORDER_CREATED', 'Order dibuat dari marketplace', '2026-05-08 16:00:00');
INSERT INTO payments_summary (order_global_id, provider_code, provider_name, payment_reference, amount, payment_status, paid_at) VALUES ('ORD-MN-20260031', 'FIN-BANK', 'Bank Kirana Digital', 'PAY-00031', 421500000, 'PAID', '2026-05-08 16:02:00');
INSERT INTO shipments_summary (order_global_id, delivery_code, delivery_name, tracking_number, destination_city, shipment_status, current_location, estimated_arrival, updated_at) VALUES ('ORD-MN-20260031', 'DEL-ORI', 'OrionCargo Logistics', 'TRK-MN-00031', 'Semarang', 'ON_DELIVERY', 'Distribution Hub', '2026-05-13', '2026-05-08 18:00:00');
INSERT INTO settlements (settlement_id, order_global_id, seller_code, provider_code, gross_amount, marketplace_fee, seller_net_amount, settlement_status, created_at) VALUES ('SET-00031', 'ORD-MN-20260031', 'SELLER-MITSUBISHI', 'FIN-BANK', 421500000, 12645000, 408855000, 'PENDING', '2026-05-09 16:00:00');
INSERT INTO orders (order_global_id, customer_global_id, buyer_name, seller_code, listing_id, vehicle_code, qty, subtotal, shipping_fee, discount_amount, grand_total, payment_method, payment_status, order_status, shipment_status, destination_city, created_at) VALUES ('ORD-MN-20260032', 'CUST-0001', 'Anne Melanika', 'SELLER-A2000', 'CAR-A2000-001', 'CAR-A2000-001', 1, 268000000, 3500000, 0, 271500000, 'GoPay Financial Services', 'PAID', 'PAID', 'READY_TO_SHIP', 'Yogyakarta', '2026-05-09 09:00:00');
INSERT INTO order_status_history (order_global_id, status, note, created_at) VALUES ('ORD-MN-20260032', 'ORDER_CREATED', 'Order dibuat dari marketplace', '2026-05-09 09:00:00');
INSERT INTO payments_summary (order_global_id, provider_code, provider_name, payment_reference, amount, payment_status, paid_at) VALUES ('ORD-MN-20260032', 'FIN-GOPAY', 'GoPay Financial Services', 'PAY-00032', 271500000, 'PAID', '2026-05-09 09:02:00');
INSERT INTO shipments_summary (order_global_id, delivery_code, delivery_name, tracking_number, destination_city, shipment_status, current_location, estimated_arrival, updated_at) VALUES ('ORD-MN-20260032', 'DEL-SKY', 'SkySend Express', 'TRK-MN-00032', 'Yogyakarta', 'READY_TO_SHIP', 'Distribution Hub', '2026-05-14', '2026-05-09 11:00:00');
INSERT INTO settlements (settlement_id, order_global_id, seller_code, provider_code, gross_amount, marketplace_fee, seller_net_amount, settlement_status, created_at) VALUES ('SET-00032', 'ORD-MN-20260032', 'SELLER-A2000', 'FIN-GOPAY', 271500000, 8145000, 263355000, 'PENDING', '2026-05-10 09:00:00');
INSERT INTO orders (order_global_id, customer_global_id, buyer_name, seller_code, listing_id, vehicle_code, qty, subtotal, shipping_fee, discount_amount, grand_total, payment_method, payment_status, order_status, shipment_status, destination_city, created_at) VALUES ('ORD-MN-20260033', 'CUST-0004', 'Nadia Putri', 'SELLER-MITSUBISHI', 'CAR-MITSU-001', 'CAR-MITSU-001', 1, 335000000, 3500000, 0, 338500000, 'DANA Digital Wallet', 'PAID', 'DELIVERED', 'DELIVERED', 'Bandung', '2026-05-10 10:00:00');
INSERT INTO order_status_history (order_global_id, status, note, created_at) VALUES ('ORD-MN-20260033', 'ORDER_CREATED', 'Order dibuat dari marketplace', '2026-05-10 10:00:00');
INSERT INTO payments_summary (order_global_id, provider_code, provider_name, payment_reference, amount, payment_status, paid_at) VALUES ('ORD-MN-20260033', 'FIN-DANA', 'DANA Digital Wallet', 'PAY-00033', 338500000, 'PAID', '2026-05-10 10:02:00');
INSERT INTO shipments_summary (order_global_id, delivery_code, delivery_name, tracking_number, destination_city, shipment_status, current_location, estimated_arrival, updated_at) VALUES ('ORD-MN-20260033', 'DEL-NEO', 'NeoRush Delivery', 'TRK-MN-00033', 'Bandung', 'DELIVERED', 'Bandung', '2026-05-15', '2026-05-10 12:00:00');
INSERT INTO settlements (settlement_id, order_global_id, seller_code, provider_code, gross_amount, marketplace_fee, seller_net_amount, settlement_status, created_at) VALUES ('SET-00033', 'ORD-MN-20260033', 'SELLER-MITSUBISHI', 'FIN-DANA', 338500000, 10155000, 328345000, 'SETTLED', '2026-05-11 10:00:00');
INSERT INTO orders (order_global_id, customer_global_id, buyer_name, seller_code, listing_id, vehicle_code, qty, subtotal, shipping_fee, discount_amount, grand_total, payment_method, payment_status, order_status, shipment_status, destination_city, created_at) VALUES ('ORD-MN-20260034', 'CUST-0007', 'Dimas Arya', 'SELLER-WULING', 'CAR-WULING-001', 'CAR-WULING-001', 1, 299000000, 7500000, 0, 306500000, 'Bank Kirana Digital', 'PAID', 'DELIVERED', 'DELIVERED', 'Bekasi', '2026-05-11 11:00:00');
INSERT INTO order_status_history (order_global_id, status, note, created_at) VALUES ('ORD-MN-20260034', 'ORDER_CREATED', 'Order dibuat dari marketplace', '2026-05-11 11:00:00');
INSERT INTO payments_summary (order_global_id, provider_code, provider_name, payment_reference, amount, payment_status, paid_at) VALUES ('ORD-MN-20260034', 'FIN-BANK', 'Bank Kirana Digital', 'PAY-00034', 306500000, 'PAID', '2026-05-11 11:02:00');
INSERT INTO shipments_summary (order_global_id, delivery_code, delivery_name, tracking_number, destination_city, shipment_status, current_location, estimated_arrival, updated_at) VALUES ('ORD-MN-20260034', 'DEL-ORI', 'OrionCargo Logistics', 'TRK-MN-00034', 'Bekasi', 'DELIVERED', 'Bekasi', '2026-05-16', '2026-05-11 13:00:00');
INSERT INTO settlements (settlement_id, order_global_id, seller_code, provider_code, gross_amount, marketplace_fee, seller_net_amount, settlement_status, created_at) VALUES ('SET-00034', 'ORD-MN-20260034', 'SELLER-WULING', 'FIN-BANK', 306500000, 9195000, 297305000, 'SETTLED', '2026-05-12 11:00:00');
INSERT INTO orders (order_global_id, customer_global_id, buyer_name, seller_code, listing_id, vehicle_code, qty, subtotal, shipping_fee, discount_amount, grand_total, payment_method, payment_status, order_status, shipment_status, destination_city, created_at) VALUES ('ORD-MN-20260035', 'CUST-0002', 'Soni Mahardika', 'SELLER-HONDA', 'CAR-HONDA-002', 'CAR-HONDA-002', 1, 739000000, 3500000, 1000000, 741500000, 'GoPay Financial Services', 'PAID', 'DELIVERED', 'DELIVERED', 'Sleman', '2026-05-12 12:00:00');
INSERT INTO order_status_history (order_global_id, status, note, created_at) VALUES ('ORD-MN-20260035', 'ORDER_CREATED', 'Order dibuat dari marketplace', '2026-05-12 12:00:00');
INSERT INTO payments_summary (order_global_id, provider_code, provider_name, payment_reference, amount, payment_status, paid_at) VALUES ('ORD-MN-20260035', 'FIN-GOPAY', 'GoPay Financial Services', 'PAY-00035', 741500000, 'PAID', '2026-05-12 12:02:00');
INSERT INTO shipments_summary (order_global_id, delivery_code, delivery_name, tracking_number, destination_city, shipment_status, current_location, estimated_arrival, updated_at) VALUES ('ORD-MN-20260035', 'DEL-SKY', 'SkySend Express', 'TRK-MN-00035', 'Sleman', 'DELIVERED', 'Sleman', '2026-05-17', '2026-05-12 14:00:00');
INSERT INTO settlements (settlement_id, order_global_id, seller_code, provider_code, gross_amount, marketplace_fee, seller_net_amount, settlement_status, created_at) VALUES ('SET-00035', 'ORD-MN-20260035', 'SELLER-HONDA', 'FIN-GOPAY', 741500000, 22245000, 719255000, 'SETTLED', '2026-05-13 12:00:00');
INSERT INTO orders (order_global_id, customer_global_id, buyer_name, seller_code, listing_id, vehicle_code, qty, subtotal, shipping_fee, discount_amount, grand_total, payment_method, payment_status, order_status, shipment_status, destination_city, created_at) VALUES ('ORD-MN-20260036', 'CUST-0005', 'Bima Saputra', 'SELLER-SUZUKI', 'CAR-SUZUKI-001', 'CAR-SUZUKI-001', 1, 292000000, 3500000, 0, 295500000, 'DANA Digital Wallet', 'PAID', 'SHIPPED', 'ON_DELIVERY', 'Surabaya', '2026-05-13 13:00:00');
INSERT INTO order_status_history (order_global_id, status, note, created_at) VALUES ('ORD-MN-20260036', 'ORDER_CREATED', 'Order dibuat dari marketplace', '2026-05-13 13:00:00');
INSERT INTO payments_summary (order_global_id, provider_code, provider_name, payment_reference, amount, payment_status, paid_at) VALUES ('ORD-MN-20260036', 'FIN-DANA', 'DANA Digital Wallet', 'PAY-00036', 295500000, 'PAID', '2026-05-13 13:02:00');
INSERT INTO shipments_summary (order_global_id, delivery_code, delivery_name, tracking_number, destination_city, shipment_status, current_location, estimated_arrival, updated_at) VALUES ('ORD-MN-20260036', 'DEL-NEO', 'NeoRush Delivery', 'TRK-MN-00036', 'Surabaya', 'ON_DELIVERY', 'Distribution Hub', '2026-05-18', '2026-05-13 15:00:00');
INSERT INTO settlements (settlement_id, order_global_id, seller_code, provider_code, gross_amount, marketplace_fee, seller_net_amount, settlement_status, created_at) VALUES ('SET-00036', 'ORD-MN-20260036', 'SELLER-SUZUKI', 'FIN-DANA', 295500000, 8865000, 286635000, 'PENDING', '2026-05-14 13:00:00');
INSERT INTO orders (order_global_id, customer_global_id, buyer_name, seller_code, listing_id, vehicle_code, qty, subtotal, shipping_fee, discount_amount, grand_total, payment_method, payment_status, order_status, shipment_status, destination_city, created_at) VALUES ('ORD-MN-20260037', 'CUST-0008', 'Farah Amalia', 'SELLER-A2000', 'CAR-A2000-004', 'CAR-A2000-004', 1, 304000000, 7500000, 0, 311500000, 'Bank Kirana Digital', 'PAID', 'PAID', 'READY_TO_SHIP', 'Tangerang', '2026-05-14 14:00:00');
INSERT INTO order_status_history (order_global_id, status, note, created_at) VALUES ('ORD-MN-20260037', 'ORDER_CREATED', 'Order dibuat dari marketplace', '2026-05-14 14:00:00');
INSERT INTO payments_summary (order_global_id, provider_code, provider_name, payment_reference, amount, payment_status, paid_at) VALUES ('ORD-MN-20260037', 'FIN-BANK', 'Bank Kirana Digital', 'PAY-00037', 311500000, 'PAID', '2026-05-14 14:02:00');
INSERT INTO shipments_summary (order_global_id, delivery_code, delivery_name, tracking_number, destination_city, shipment_status, current_location, estimated_arrival, updated_at) VALUES ('ORD-MN-20260037', 'DEL-ORI', 'OrionCargo Logistics', 'TRK-MN-00037', 'Tangerang', 'READY_TO_SHIP', 'Distribution Hub', '2026-05-19', '2026-05-14 16:00:00');
INSERT INTO settlements (settlement_id, order_global_id, seller_code, provider_code, gross_amount, marketplace_fee, seller_net_amount, settlement_status, created_at) VALUES ('SET-00037', 'ORD-MN-20260037', 'SELLER-A2000', 'FIN-BANK', 311500000, 9345000, 302155000, 'PENDING', '2026-05-15 14:00:00');
INSERT INTO orders (order_global_id, customer_global_id, buyer_name, seller_code, listing_id, vehicle_code, qty, subtotal, shipping_fee, discount_amount, grand_total, payment_method, payment_status, order_status, shipment_status, destination_city, created_at) VALUES ('ORD-MN-20260038', 'CUST-0003', 'Raka Pratama', 'SELLER-HYUNDAI', 'CAR-HYUNDAI-001', 'CAR-HYUNDAI-001', 1, 782000000, 3500000, 0, 785500000, 'GoPay Financial Services', 'PAID', 'DELIVERED', 'DELIVERED', 'Jakarta', '2026-05-15 15:00:00');
INSERT INTO order_status_history (order_global_id, status, note, created_at) VALUES ('ORD-MN-20260038', 'ORDER_CREATED', 'Order dibuat dari marketplace', '2026-05-15 15:00:00');
INSERT INTO payments_summary (order_global_id, provider_code, provider_name, payment_reference, amount, payment_status, paid_at) VALUES ('ORD-MN-20260038', 'FIN-GOPAY', 'GoPay Financial Services', 'PAY-00038', 785500000, 'PAID', '2026-05-15 15:02:00');
INSERT INTO shipments_summary (order_global_id, delivery_code, delivery_name, tracking_number, destination_city, shipment_status, current_location, estimated_arrival, updated_at) VALUES ('ORD-MN-20260038', 'DEL-SKY', 'SkySend Express', 'TRK-MN-00038', 'Jakarta', 'DELIVERED', 'Jakarta', '2026-05-20', '2026-05-15 17:00:00');
INSERT INTO settlements (settlement_id, order_global_id, seller_code, provider_code, gross_amount, marketplace_fee, seller_net_amount, settlement_status, created_at) VALUES ('SET-00038', 'ORD-MN-20260038', 'SELLER-HYUNDAI', 'FIN-GOPAY', 785500000, 23565000, 761935000, 'SETTLED', '2026-05-16 15:00:00');
INSERT INTO orders (order_global_id, customer_global_id, buyer_name, seller_code, listing_id, vehicle_code, qty, subtotal, shipping_fee, discount_amount, grand_total, payment_method, payment_status, order_status, shipment_status, destination_city, created_at) VALUES ('ORD-MN-20260039', 'CUST-0006', 'Citra Lestari', 'SELLER-A2000', 'CAR-A2000-002', 'CAR-A2000-002', 1, 624000000, 3500000, 0, 627500000, 'DANA Digital Wallet', 'PAID', 'DELIVERED', 'DELIVERED', 'Semarang', '2026-05-16 16:00:00');
INSERT INTO order_status_history (order_global_id, status, note, created_at) VALUES ('ORD-MN-20260039', 'ORDER_CREATED', 'Order dibuat dari marketplace', '2026-05-16 16:00:00');
INSERT INTO payments_summary (order_global_id, provider_code, provider_name, payment_reference, amount, payment_status, paid_at) VALUES ('ORD-MN-20260039', 'FIN-DANA', 'DANA Digital Wallet', 'PAY-00039', 627500000, 'PAID', '2026-05-16 16:02:00');
INSERT INTO shipments_summary (order_global_id, delivery_code, delivery_name, tracking_number, destination_city, shipment_status, current_location, estimated_arrival, updated_at) VALUES ('ORD-MN-20260039', 'DEL-NEO', 'NeoRush Delivery', 'TRK-MN-00039', 'Semarang', 'DELIVERED', 'Semarang', '2026-05-21', '2026-05-16 18:00:00');
INSERT INTO settlements (settlement_id, order_global_id, seller_code, provider_code, gross_amount, marketplace_fee, seller_net_amount, settlement_status, created_at) VALUES ('SET-00039', 'ORD-MN-20260039', 'SELLER-A2000', 'FIN-DANA', 627500000, 18825000, 608675000, 'SETTLED', '2026-05-17 16:00:00');
INSERT INTO orders (order_global_id, customer_global_id, buyer_name, seller_code, listing_id, vehicle_code, qty, subtotal, shipping_fee, discount_amount, grand_total, payment_method, payment_status, order_status, shipment_status, destination_city, created_at) VALUES ('ORD-MN-20260040', 'CUST-0001', 'Anne Melanika', 'SELLER-MITSUBISHI', 'CAR-MITSU-002', 'CAR-MITSU-002', 1, 705000000, 7500000, 1000000, 711500000, 'Bank Kirana Digital', 'PAID', 'DELIVERED', 'DELIVERED', 'Yogyakarta', '2026-05-17 09:00:00');
INSERT INTO order_status_history (order_global_id, status, note, created_at) VALUES ('ORD-MN-20260040', 'ORDER_CREATED', 'Order dibuat dari marketplace', '2026-05-17 09:00:00');
INSERT INTO payments_summary (order_global_id, provider_code, provider_name, payment_reference, amount, payment_status, paid_at) VALUES ('ORD-MN-20260040', 'FIN-BANK', 'Bank Kirana Digital', 'PAY-00040', 711500000, 'PAID', '2026-05-17 09:02:00');
INSERT INTO shipments_summary (order_global_id, delivery_code, delivery_name, tracking_number, destination_city, shipment_status, current_location, estimated_arrival, updated_at) VALUES ('ORD-MN-20260040', 'DEL-ORI', 'OrionCargo Logistics', 'TRK-MN-00040', 'Yogyakarta', 'DELIVERED', 'Yogyakarta', '2026-05-22', '2026-05-17 11:00:00');
INSERT INTO settlements (settlement_id, order_global_id, seller_code, provider_code, gross_amount, marketplace_fee, seller_net_amount, settlement_status, created_at) VALUES ('SET-00040', 'ORD-MN-20260040', 'SELLER-MITSUBISHI', 'FIN-BANK', 711500000, 21345000, 690155000, 'SETTLED', '2026-05-18 09:00:00');
INSERT INTO orders (order_global_id, customer_global_id, buyer_name, seller_code, listing_id, vehicle_code, qty, subtotal, shipping_fee, discount_amount, grand_total, payment_method, payment_status, order_status, shipment_status, destination_city, created_at) VALUES ('ORD-MN-20260041', 'CUST-0004', 'Nadia Putri', 'SELLER-WULING', 'CAR-WULING-002', 'CAR-WULING-002', 1, 295000000, 3500000, 0, 298500000, 'GoPay Financial Services', 'PAID', 'SHIPPED', 'ON_DELIVERY', 'Bandung', '2026-05-18 10:00:00');
INSERT INTO order_status_history (order_global_id, status, note, created_at) VALUES ('ORD-MN-20260041', 'ORDER_CREATED', 'Order dibuat dari marketplace', '2026-05-18 10:00:00');
INSERT INTO payments_summary (order_global_id, provider_code, provider_name, payment_reference, amount, payment_status, paid_at) VALUES ('ORD-MN-20260041', 'FIN-GOPAY', 'GoPay Financial Services', 'PAY-00041', 298500000, 'PAID', '2026-05-18 10:02:00');
INSERT INTO shipments_summary (order_global_id, delivery_code, delivery_name, tracking_number, destination_city, shipment_status, current_location, estimated_arrival, updated_at) VALUES ('ORD-MN-20260041', 'DEL-SKY', 'SkySend Express', 'TRK-MN-00041', 'Bandung', 'ON_DELIVERY', 'Distribution Hub', '2026-05-23', '2026-05-18 12:00:00');
INSERT INTO settlements (settlement_id, order_global_id, seller_code, provider_code, gross_amount, marketplace_fee, seller_net_amount, settlement_status, created_at) VALUES ('SET-00041', 'ORD-MN-20260041', 'SELLER-WULING', 'FIN-GOPAY', 298500000, 8955000, 289545000, 'PENDING', '2026-05-19 10:00:00');
INSERT INTO orders (order_global_id, customer_global_id, buyer_name, seller_code, listing_id, vehicle_code, qty, subtotal, shipping_fee, discount_amount, grand_total, payment_method, payment_status, order_status, shipment_status, destination_city, created_at) VALUES ('ORD-MN-20260042', 'CUST-0007', 'Dimas Arya', 'SELLER-HONDA', 'CAR-HONDA-003', 'CAR-HONDA-003', 1, 540000000, 3500000, 0, 543500000, 'DANA Digital Wallet', 'PAID', 'PAID', 'READY_TO_SHIP', 'Bekasi', '2026-05-19 11:00:00');
INSERT INTO order_status_history (order_global_id, status, note, created_at) VALUES ('ORD-MN-20260042', 'ORDER_CREATED', 'Order dibuat dari marketplace', '2026-05-19 11:00:00');
INSERT INTO payments_summary (order_global_id, provider_code, provider_name, payment_reference, amount, payment_status, paid_at) VALUES ('ORD-MN-20260042', 'FIN-DANA', 'DANA Digital Wallet', 'PAY-00042', 543500000, 'PAID', '2026-05-19 11:02:00');
INSERT INTO shipments_summary (order_global_id, delivery_code, delivery_name, tracking_number, destination_city, shipment_status, current_location, estimated_arrival, updated_at) VALUES ('ORD-MN-20260042', 'DEL-NEO', 'NeoRush Delivery', 'TRK-MN-00042', 'Bekasi', 'READY_TO_SHIP', 'Distribution Hub', '2026-05-24', '2026-05-19 13:00:00');
INSERT INTO settlements (settlement_id, order_global_id, seller_code, provider_code, gross_amount, marketplace_fee, seller_net_amount, settlement_status, created_at) VALUES ('SET-00042', 'ORD-MN-20260042', 'SELLER-HONDA', 'FIN-DANA', 543500000, 16305000, 527195000, 'PENDING', '2026-05-20 11:00:00');
INSERT INTO orders (order_global_id, customer_global_id, buyer_name, seller_code, listing_id, vehicle_code, qty, subtotal, shipping_fee, discount_amount, grand_total, payment_method, payment_status, order_status, shipment_status, destination_city, created_at) VALUES ('ORD-MN-20260043', 'CUST-0002', 'Soni Mahardika', 'SELLER-SUZUKI', 'CAR-SUZUKI-002', 'CAR-SUZUKI-002', 1, 305000000, 7500000, 0, 312500000, 'Bank Kirana Digital', 'PAID', 'DELIVERED', 'DELIVERED', 'Sleman', '2026-05-20 12:00:00');
INSERT INTO order_status_history (order_global_id, status, note, created_at) VALUES ('ORD-MN-20260043', 'ORDER_CREATED', 'Order dibuat dari marketplace', '2026-05-20 12:00:00');
INSERT INTO payments_summary (order_global_id, provider_code, provider_name, payment_reference, amount, payment_status, paid_at) VALUES ('ORD-MN-20260043', 'FIN-BANK', 'Bank Kirana Digital', 'PAY-00043', 312500000, 'PAID', '2026-05-20 12:02:00');
INSERT INTO shipments_summary (order_global_id, delivery_code, delivery_name, tracking_number, destination_city, shipment_status, current_location, estimated_arrival, updated_at) VALUES ('ORD-MN-20260043', 'DEL-ORI', 'OrionCargo Logistics', 'TRK-MN-00043', 'Sleman', 'DELIVERED', 'Sleman', '2026-05-25', '2026-05-20 14:00:00');
INSERT INTO settlements (settlement_id, order_global_id, seller_code, provider_code, gross_amount, marketplace_fee, seller_net_amount, settlement_status, created_at) VALUES ('SET-00043', 'ORD-MN-20260043', 'SELLER-SUZUKI', 'FIN-BANK', 312500000, 9375000, 303125000, 'SETTLED', '2026-05-21 12:00:00');
INSERT INTO orders (order_global_id, customer_global_id, buyer_name, seller_code, listing_id, vehicle_code, qty, subtotal, shipping_fee, discount_amount, grand_total, payment_method, payment_status, order_status, shipment_status, destination_city, created_at) VALUES ('ORD-MN-20260044', 'CUST-0005', 'Bima Saputra', 'SELLER-HONDA', 'CAR-HONDA-001', 'CAR-HONDA-001', 1, 198000000, 3500000, 0, 201500000, 'GoPay Financial Services', 'PAID', 'DELIVERED', 'DELIVERED', 'Surabaya', '2026-05-21 13:00:00');
INSERT INTO order_status_history (order_global_id, status, note, created_at) VALUES ('ORD-MN-20260044', 'ORDER_CREATED', 'Order dibuat dari marketplace', '2026-05-21 13:00:00');
INSERT INTO payments_summary (order_global_id, provider_code, provider_name, payment_reference, amount, payment_status, paid_at) VALUES ('ORD-MN-20260044', 'FIN-GOPAY', 'GoPay Financial Services', 'PAY-00044', 201500000, 'PAID', '2026-05-21 13:02:00');
INSERT INTO shipments_summary (order_global_id, delivery_code, delivery_name, tracking_number, destination_city, shipment_status, current_location, estimated_arrival, updated_at) VALUES ('ORD-MN-20260044', 'DEL-SKY', 'SkySend Express', 'TRK-MN-00044', 'Surabaya', 'DELIVERED', 'Surabaya', '2026-05-26', '2026-05-21 15:00:00');
INSERT INTO settlements (settlement_id, order_global_id, seller_code, provider_code, gross_amount, marketplace_fee, seller_net_amount, settlement_status, created_at) VALUES ('SET-00044', 'ORD-MN-20260044', 'SELLER-HONDA', 'FIN-GOPAY', 201500000, 6045000, 195455000, 'SETTLED', '2026-05-22 13:00:00');
INSERT INTO orders (order_global_id, customer_global_id, buyer_name, seller_code, listing_id, vehicle_code, qty, subtotal, shipping_fee, discount_amount, grand_total, payment_method, payment_status, order_status, shipment_status, destination_city, created_at) VALUES ('ORD-MN-20260045', 'CUST-0008', 'Farah Amalia', 'SELLER-HYUNDAI', 'CAR-HYUNDAI-002', 'CAR-HYUNDAI-002', 1, 315000000, 3500000, 1000000, 317500000, 'DANA Digital Wallet', 'PAID', 'DELIVERED', 'DELIVERED', 'Tangerang', '2026-05-22 14:00:00');
INSERT INTO order_status_history (order_global_id, status, note, created_at) VALUES ('ORD-MN-20260045', 'ORDER_CREATED', 'Order dibuat dari marketplace', '2026-05-22 14:00:00');
INSERT INTO payments_summary (order_global_id, provider_code, provider_name, payment_reference, amount, payment_status, paid_at) VALUES ('ORD-MN-20260045', 'FIN-DANA', 'DANA Digital Wallet', 'PAY-00045', 317500000, 'PAID', '2026-05-22 14:02:00');
INSERT INTO shipments_summary (order_global_id, delivery_code, delivery_name, tracking_number, destination_city, shipment_status, current_location, estimated_arrival, updated_at) VALUES ('ORD-MN-20260045', 'DEL-NEO', 'NeoRush Delivery', 'TRK-MN-00045', 'Tangerang', 'DELIVERED', 'Tangerang', '2026-05-27', '2026-05-22 16:00:00');
INSERT INTO settlements (settlement_id, order_global_id, seller_code, provider_code, gross_amount, marketplace_fee, seller_net_amount, settlement_status, created_at) VALUES ('SET-00045', 'ORD-MN-20260045', 'SELLER-HYUNDAI', 'FIN-DANA', 317500000, 9525000, 307975000, 'SETTLED', '2026-05-23 14:00:00');
INSERT INTO orders (order_global_id, customer_global_id, buyer_name, seller_code, listing_id, vehicle_code, qty, subtotal, shipping_fee, discount_amount, grand_total, payment_method, payment_status, order_status, shipment_status, destination_city, created_at) VALUES ('ORD-MN-20260046', 'CUST-0003', 'Raka Pratama', 'SELLER-A2000', 'CAR-A2000-003', 'CAR-A2000-003', 1, 471000000, 7500000, 0, 478500000, 'Bank Kirana Digital', 'PAID', 'SHIPPED', 'ON_DELIVERY', 'Jakarta', '2026-05-23 15:00:00');
INSERT INTO order_status_history (order_global_id, status, note, created_at) VALUES ('ORD-MN-20260046', 'ORDER_CREATED', 'Order dibuat dari marketplace', '2026-05-23 15:00:00');
INSERT INTO payments_summary (order_global_id, provider_code, provider_name, payment_reference, amount, payment_status, paid_at) VALUES ('ORD-MN-20260046', 'FIN-BANK', 'Bank Kirana Digital', 'PAY-00046', 478500000, 'PAID', '2026-05-23 15:02:00');
INSERT INTO shipments_summary (order_global_id, delivery_code, delivery_name, tracking_number, destination_city, shipment_status, current_location, estimated_arrival, updated_at) VALUES ('ORD-MN-20260046', 'DEL-ORI', 'OrionCargo Logistics', 'TRK-MN-00046', 'Jakarta', 'ON_DELIVERY', 'Distribution Hub', '2026-05-28', '2026-05-23 17:00:00');
INSERT INTO settlements (settlement_id, order_global_id, seller_code, provider_code, gross_amount, marketplace_fee, seller_net_amount, settlement_status, created_at) VALUES ('SET-00046', 'ORD-MN-20260046', 'SELLER-A2000', 'FIN-BANK', 478500000, 14355000, 464145000, 'PENDING', '2026-05-24 15:00:00');
INSERT INTO orders (order_global_id, customer_global_id, buyer_name, seller_code, listing_id, vehicle_code, qty, subtotal, shipping_fee, discount_amount, grand_total, payment_method, payment_status, order_status, shipment_status, destination_city, created_at) VALUES ('ORD-MN-20260047', 'CUST-0006', 'Citra Lestari', 'SELLER-MITSUBISHI', 'CAR-MITSU-003', 'CAR-MITSU-003', 1, 414000000, 3500000, 0, 417500000, 'GoPay Financial Services', 'PAID', 'PAID', 'READY_TO_SHIP', 'Semarang', '2026-05-24 16:00:00');
INSERT INTO order_status_history (order_global_id, status, note, created_at) VALUES ('ORD-MN-20260047', 'ORDER_CREATED', 'Order dibuat dari marketplace', '2026-05-24 16:00:00');
INSERT INTO payments_summary (order_global_id, provider_code, provider_name, payment_reference, amount, payment_status, paid_at) VALUES ('ORD-MN-20260047', 'FIN-GOPAY', 'GoPay Financial Services', 'PAY-00047', 417500000, 'PAID', '2026-05-24 16:02:00');
INSERT INTO shipments_summary (order_global_id, delivery_code, delivery_name, tracking_number, destination_city, shipment_status, current_location, estimated_arrival, updated_at) VALUES ('ORD-MN-20260047', 'DEL-SKY', 'SkySend Express', 'TRK-MN-00047', 'Semarang', 'READY_TO_SHIP', 'Distribution Hub', '2026-05-29', '2026-05-24 18:00:00');
INSERT INTO settlements (settlement_id, order_global_id, seller_code, provider_code, gross_amount, marketplace_fee, seller_net_amount, settlement_status, created_at) VALUES ('SET-00047', 'ORD-MN-20260047', 'SELLER-MITSUBISHI', 'FIN-GOPAY', 417500000, 12525000, 404975000, 'PENDING', '2026-05-25 16:00:00');
INSERT INTO orders (order_global_id, customer_global_id, buyer_name, seller_code, listing_id, vehicle_code, qty, subtotal, shipping_fee, discount_amount, grand_total, payment_method, payment_status, order_status, shipment_status, destination_city, created_at) VALUES ('ORD-MN-20260048', 'CUST-0001', 'Anne Melanika', 'SELLER-A2000', 'CAR-A2000-001', 'CAR-A2000-001', 1, 268000000, 3500000, 0, 271500000, 'DANA Digital Wallet', 'PAID', 'DELIVERED', 'DELIVERED', 'Yogyakarta', '2026-05-01 09:00:00');
INSERT INTO order_status_history (order_global_id, status, note, created_at) VALUES ('ORD-MN-20260048', 'ORDER_CREATED', 'Order dibuat dari marketplace', '2026-05-01 09:00:00');
INSERT INTO payments_summary (order_global_id, provider_code, provider_name, payment_reference, amount, payment_status, paid_at) VALUES ('ORD-MN-20260048', 'FIN-DANA', 'DANA Digital Wallet', 'PAY-00048', 271500000, 'PAID', '2026-05-01 09:02:00');
INSERT INTO shipments_summary (order_global_id, delivery_code, delivery_name, tracking_number, destination_city, shipment_status, current_location, estimated_arrival, updated_at) VALUES ('ORD-MN-20260048', 'DEL-NEO', 'NeoRush Delivery', 'TRK-MN-00048', 'Yogyakarta', 'DELIVERED', 'Yogyakarta', '2026-05-06', '2026-05-01 11:00:00');
INSERT INTO settlements (settlement_id, order_global_id, seller_code, provider_code, gross_amount, marketplace_fee, seller_net_amount, settlement_status, created_at) VALUES ('SET-00048', 'ORD-MN-20260048', 'SELLER-A2000', 'FIN-DANA', 271500000, 8145000, 263355000, 'SETTLED', '2026-05-02 09:00:00');
INSERT INTO orders (order_global_id, customer_global_id, buyer_name, seller_code, listing_id, vehicle_code, qty, subtotal, shipping_fee, discount_amount, grand_total, payment_method, payment_status, order_status, shipment_status, destination_city, created_at) VALUES ('ORD-MN-20260049', 'CUST-0004', 'Nadia Putri', 'SELLER-MITSUBISHI', 'CAR-MITSU-001', 'CAR-MITSU-001', 1, 335000000, 7500000, 0, 342500000, 'Bank Kirana Digital', 'PAID', 'DELIVERED', 'DELIVERED', 'Bandung', '2026-05-02 10:00:00');
INSERT INTO order_status_history (order_global_id, status, note, created_at) VALUES ('ORD-MN-20260049', 'ORDER_CREATED', 'Order dibuat dari marketplace', '2026-05-02 10:00:00');
INSERT INTO payments_summary (order_global_id, provider_code, provider_name, payment_reference, amount, payment_status, paid_at) VALUES ('ORD-MN-20260049', 'FIN-BANK', 'Bank Kirana Digital', 'PAY-00049', 342500000, 'PAID', '2026-05-02 10:02:00');
INSERT INTO shipments_summary (order_global_id, delivery_code, delivery_name, tracking_number, destination_city, shipment_status, current_location, estimated_arrival, updated_at) VALUES ('ORD-MN-20260049', 'DEL-ORI', 'OrionCargo Logistics', 'TRK-MN-00049', 'Bandung', 'DELIVERED', 'Bandung', '2026-05-07', '2026-05-02 12:00:00');
INSERT INTO settlements (settlement_id, order_global_id, seller_code, provider_code, gross_amount, marketplace_fee, seller_net_amount, settlement_status, created_at) VALUES ('SET-00049', 'ORD-MN-20260049', 'SELLER-MITSUBISHI', 'FIN-BANK', 342500000, 10275000, 332225000, 'SETTLED', '2026-05-03 10:00:00');
INSERT INTO orders (order_global_id, customer_global_id, buyer_name, seller_code, listing_id, vehicle_code, qty, subtotal, shipping_fee, discount_amount, grand_total, payment_method, payment_status, order_status, shipment_status, destination_city, created_at) VALUES ('ORD-MN-20260050', 'CUST-0007', 'Dimas Arya', 'SELLER-WULING', 'CAR-WULING-001', 'CAR-WULING-001', 1, 299000000, 3500000, 1000000, 301500000, 'GoPay Financial Services', 'PAID', 'DELIVERED', 'DELIVERED', 'Bekasi', '2026-05-03 11:00:00');
INSERT INTO order_status_history (order_global_id, status, note, created_at) VALUES ('ORD-MN-20260050', 'ORDER_CREATED', 'Order dibuat dari marketplace', '2026-05-03 11:00:00');
INSERT INTO payments_summary (order_global_id, provider_code, provider_name, payment_reference, amount, payment_status, paid_at) VALUES ('ORD-MN-20260050', 'FIN-GOPAY', 'GoPay Financial Services', 'PAY-00050', 301500000, 'PAID', '2026-05-03 11:02:00');
INSERT INTO shipments_summary (order_global_id, delivery_code, delivery_name, tracking_number, destination_city, shipment_status, current_location, estimated_arrival, updated_at) VALUES ('ORD-MN-20260050', 'DEL-SKY', 'SkySend Express', 'TRK-MN-00050', 'Bekasi', 'DELIVERED', 'Bekasi', '2026-05-08', '2026-05-03 13:00:00');
INSERT INTO settlements (settlement_id, order_global_id, seller_code, provider_code, gross_amount, marketplace_fee, seller_net_amount, settlement_status, created_at) VALUES ('SET-00050', 'ORD-MN-20260050', 'SELLER-WULING', 'FIN-GOPAY', 301500000, 9045000, 292455000, 'SETTLED', '2026-05-04 11:00:00');
INSERT INTO orders (order_global_id, customer_global_id, buyer_name, seller_code, listing_id, vehicle_code, qty, subtotal, shipping_fee, discount_amount, grand_total, payment_method, payment_status, order_status, shipment_status, destination_city, created_at) VALUES ('ORD-MN-20260051', 'CUST-0002', 'Soni Mahardika', 'SELLER-HONDA', 'CAR-HONDA-002', 'CAR-HONDA-002', 1, 739000000, 3500000, 0, 742500000, 'DANA Digital Wallet', 'PAID', 'SHIPPED', 'ON_DELIVERY', 'Sleman', '2026-05-04 12:00:00');
INSERT INTO order_status_history (order_global_id, status, note, created_at) VALUES ('ORD-MN-20260051', 'ORDER_CREATED', 'Order dibuat dari marketplace', '2026-05-04 12:00:00');
INSERT INTO payments_summary (order_global_id, provider_code, provider_name, payment_reference, amount, payment_status, paid_at) VALUES ('ORD-MN-20260051', 'FIN-DANA', 'DANA Digital Wallet', 'PAY-00051', 742500000, 'PAID', '2026-05-04 12:02:00');
INSERT INTO shipments_summary (order_global_id, delivery_code, delivery_name, tracking_number, destination_city, shipment_status, current_location, estimated_arrival, updated_at) VALUES ('ORD-MN-20260051', 'DEL-NEO', 'NeoRush Delivery', 'TRK-MN-00051', 'Sleman', 'ON_DELIVERY', 'Distribution Hub', '2026-05-09', '2026-05-04 14:00:00');
INSERT INTO settlements (settlement_id, order_global_id, seller_code, provider_code, gross_amount, marketplace_fee, seller_net_amount, settlement_status, created_at) VALUES ('SET-00051', 'ORD-MN-20260051', 'SELLER-HONDA', 'FIN-DANA', 742500000, 22275000, 720225000, 'PENDING', '2026-05-05 12:00:00');
INSERT INTO orders (order_global_id, customer_global_id, buyer_name, seller_code, listing_id, vehicle_code, qty, subtotal, shipping_fee, discount_amount, grand_total, payment_method, payment_status, order_status, shipment_status, destination_city, created_at) VALUES ('ORD-MN-20260052', 'CUST-0005', 'Bima Saputra', 'SELLER-SUZUKI', 'CAR-SUZUKI-001', 'CAR-SUZUKI-001', 1, 292000000, 7500000, 0, 299500000, 'Bank Kirana Digital', 'PAID', 'PAID', 'READY_TO_SHIP', 'Surabaya', '2026-05-05 13:00:00');
INSERT INTO order_status_history (order_global_id, status, note, created_at) VALUES ('ORD-MN-20260052', 'ORDER_CREATED', 'Order dibuat dari marketplace', '2026-05-05 13:00:00');
INSERT INTO payments_summary (order_global_id, provider_code, provider_name, payment_reference, amount, payment_status, paid_at) VALUES ('ORD-MN-20260052', 'FIN-BANK', 'Bank Kirana Digital', 'PAY-00052', 299500000, 'PAID', '2026-05-05 13:02:00');
INSERT INTO shipments_summary (order_global_id, delivery_code, delivery_name, tracking_number, destination_city, shipment_status, current_location, estimated_arrival, updated_at) VALUES ('ORD-MN-20260052', 'DEL-ORI', 'OrionCargo Logistics', 'TRK-MN-00052', 'Surabaya', 'READY_TO_SHIP', 'Distribution Hub', '2026-05-10', '2026-05-05 15:00:00');
INSERT INTO settlements (settlement_id, order_global_id, seller_code, provider_code, gross_amount, marketplace_fee, seller_net_amount, settlement_status, created_at) VALUES ('SET-00052', 'ORD-MN-20260052', 'SELLER-SUZUKI', 'FIN-BANK', 299500000, 8985000, 290515000, 'PENDING', '2026-05-06 13:00:00');
INSERT INTO orders (order_global_id, customer_global_id, buyer_name, seller_code, listing_id, vehicle_code, qty, subtotal, shipping_fee, discount_amount, grand_total, payment_method, payment_status, order_status, shipment_status, destination_city, created_at) VALUES ('ORD-MN-20260053', 'CUST-0008', 'Farah Amalia', 'SELLER-A2000', 'CAR-A2000-004', 'CAR-A2000-004', 1, 304000000, 3500000, 0, 307500000, 'GoPay Financial Services', 'PAID', 'DELIVERED', 'DELIVERED', 'Tangerang', '2026-05-06 14:00:00');
INSERT INTO order_status_history (order_global_id, status, note, created_at) VALUES ('ORD-MN-20260053', 'ORDER_CREATED', 'Order dibuat dari marketplace', '2026-05-06 14:00:00');
INSERT INTO payments_summary (order_global_id, provider_code, provider_name, payment_reference, amount, payment_status, paid_at) VALUES ('ORD-MN-20260053', 'FIN-GOPAY', 'GoPay Financial Services', 'PAY-00053', 307500000, 'PAID', '2026-05-06 14:02:00');
INSERT INTO shipments_summary (order_global_id, delivery_code, delivery_name, tracking_number, destination_city, shipment_status, current_location, estimated_arrival, updated_at) VALUES ('ORD-MN-20260053', 'DEL-SKY', 'SkySend Express', 'TRK-MN-00053', 'Tangerang', 'DELIVERED', 'Tangerang', '2026-05-11', '2026-05-06 16:00:00');
INSERT INTO settlements (settlement_id, order_global_id, seller_code, provider_code, gross_amount, marketplace_fee, seller_net_amount, settlement_status, created_at) VALUES ('SET-00053', 'ORD-MN-20260053', 'SELLER-A2000', 'FIN-GOPAY', 307500000, 9225000, 298275000, 'SETTLED', '2026-05-07 14:00:00');
INSERT INTO orders (order_global_id, customer_global_id, buyer_name, seller_code, listing_id, vehicle_code, qty, subtotal, shipping_fee, discount_amount, grand_total, payment_method, payment_status, order_status, shipment_status, destination_city, created_at) VALUES ('ORD-MN-20260054', 'CUST-0003', 'Raka Pratama', 'SELLER-HYUNDAI', 'CAR-HYUNDAI-001', 'CAR-HYUNDAI-001', 1, 782000000, 3500000, 0, 785500000, 'DANA Digital Wallet', 'PAID', 'DELIVERED', 'DELIVERED', 'Jakarta', '2026-05-07 15:00:00');
INSERT INTO order_status_history (order_global_id, status, note, created_at) VALUES ('ORD-MN-20260054', 'ORDER_CREATED', 'Order dibuat dari marketplace', '2026-05-07 15:00:00');
INSERT INTO payments_summary (order_global_id, provider_code, provider_name, payment_reference, amount, payment_status, paid_at) VALUES ('ORD-MN-20260054', 'FIN-DANA', 'DANA Digital Wallet', 'PAY-00054', 785500000, 'PAID', '2026-05-07 15:02:00');
INSERT INTO shipments_summary (order_global_id, delivery_code, delivery_name, tracking_number, destination_city, shipment_status, current_location, estimated_arrival, updated_at) VALUES ('ORD-MN-20260054', 'DEL-NEO', 'NeoRush Delivery', 'TRK-MN-00054', 'Jakarta', 'DELIVERED', 'Jakarta', '2026-05-12', '2026-05-07 17:00:00');
INSERT INTO settlements (settlement_id, order_global_id, seller_code, provider_code, gross_amount, marketplace_fee, seller_net_amount, settlement_status, created_at) VALUES ('SET-00054', 'ORD-MN-20260054', 'SELLER-HYUNDAI', 'FIN-DANA', 785500000, 23565000, 761935000, 'SETTLED', '2026-05-08 15:00:00');
INSERT INTO orders (order_global_id, customer_global_id, buyer_name, seller_code, listing_id, vehicle_code, qty, subtotal, shipping_fee, discount_amount, grand_total, payment_method, payment_status, order_status, shipment_status, destination_city, created_at) VALUES ('ORD-MN-20260055', 'CUST-0006', 'Citra Lestari', 'SELLER-A2000', 'CAR-A2000-002', 'CAR-A2000-002', 1, 624000000, 7500000, 1000000, 630500000, 'Bank Kirana Digital', 'PAID', 'DELIVERED', 'DELIVERED', 'Semarang', '2026-05-08 16:00:00');
INSERT INTO order_status_history (order_global_id, status, note, created_at) VALUES ('ORD-MN-20260055', 'ORDER_CREATED', 'Order dibuat dari marketplace', '2026-05-08 16:00:00');
INSERT INTO payments_summary (order_global_id, provider_code, provider_name, payment_reference, amount, payment_status, paid_at) VALUES ('ORD-MN-20260055', 'FIN-BANK', 'Bank Kirana Digital', 'PAY-00055', 630500000, 'PAID', '2026-05-08 16:02:00');
INSERT INTO shipments_summary (order_global_id, delivery_code, delivery_name, tracking_number, destination_city, shipment_status, current_location, estimated_arrival, updated_at) VALUES ('ORD-MN-20260055', 'DEL-ORI', 'OrionCargo Logistics', 'TRK-MN-00055', 'Semarang', 'DELIVERED', 'Semarang', '2026-05-13', '2026-05-08 18:00:00');
INSERT INTO settlements (settlement_id, order_global_id, seller_code, provider_code, gross_amount, marketplace_fee, seller_net_amount, settlement_status, created_at) VALUES ('SET-00055', 'ORD-MN-20260055', 'SELLER-A2000', 'FIN-BANK', 630500000, 18915000, 611585000, 'SETTLED', '2026-05-09 16:00:00');
INSERT INTO orders (order_global_id, customer_global_id, buyer_name, seller_code, listing_id, vehicle_code, qty, subtotal, shipping_fee, discount_amount, grand_total, payment_method, payment_status, order_status, shipment_status, destination_city, created_at) VALUES ('ORD-MN-20260056', 'CUST-0001', 'Anne Melanika', 'SELLER-MITSUBISHI', 'CAR-MITSU-002', 'CAR-MITSU-002', 1, 705000000, 3500000, 0, 708500000, 'GoPay Financial Services', 'PAID', 'SHIPPED', 'ON_DELIVERY', 'Yogyakarta', '2026-05-09 09:00:00');
INSERT INTO order_status_history (order_global_id, status, note, created_at) VALUES ('ORD-MN-20260056', 'ORDER_CREATED', 'Order dibuat dari marketplace', '2026-05-09 09:00:00');
INSERT INTO payments_summary (order_global_id, provider_code, provider_name, payment_reference, amount, payment_status, paid_at) VALUES ('ORD-MN-20260056', 'FIN-GOPAY', 'GoPay Financial Services', 'PAY-00056', 708500000, 'PAID', '2026-05-09 09:02:00');
INSERT INTO shipments_summary (order_global_id, delivery_code, delivery_name, tracking_number, destination_city, shipment_status, current_location, estimated_arrival, updated_at) VALUES ('ORD-MN-20260056', 'DEL-SKY', 'SkySend Express', 'TRK-MN-00056', 'Yogyakarta', 'ON_DELIVERY', 'Distribution Hub', '2026-05-14', '2026-05-09 11:00:00');
INSERT INTO settlements (settlement_id, order_global_id, seller_code, provider_code, gross_amount, marketplace_fee, seller_net_amount, settlement_status, created_at) VALUES ('SET-00056', 'ORD-MN-20260056', 'SELLER-MITSUBISHI', 'FIN-GOPAY', 708500000, 21255000, 687245000, 'PENDING', '2026-05-10 09:00:00');
INSERT INTO orders (order_global_id, customer_global_id, buyer_name, seller_code, listing_id, vehicle_code, qty, subtotal, shipping_fee, discount_amount, grand_total, payment_method, payment_status, order_status, shipment_status, destination_city, created_at) VALUES ('ORD-MN-20260057', 'CUST-0004', 'Nadia Putri', 'SELLER-WULING', 'CAR-WULING-002', 'CAR-WULING-002', 1, 295000000, 3500000, 0, 298500000, 'DANA Digital Wallet', 'PAID', 'PAID', 'READY_TO_SHIP', 'Bandung', '2026-05-10 10:00:00');
INSERT INTO order_status_history (order_global_id, status, note, created_at) VALUES ('ORD-MN-20260057', 'ORDER_CREATED', 'Order dibuat dari marketplace', '2026-05-10 10:00:00');
INSERT INTO payments_summary (order_global_id, provider_code, provider_name, payment_reference, amount, payment_status, paid_at) VALUES ('ORD-MN-20260057', 'FIN-DANA', 'DANA Digital Wallet', 'PAY-00057', 298500000, 'PAID', '2026-05-10 10:02:00');
INSERT INTO shipments_summary (order_global_id, delivery_code, delivery_name, tracking_number, destination_city, shipment_status, current_location, estimated_arrival, updated_at) VALUES ('ORD-MN-20260057', 'DEL-NEO', 'NeoRush Delivery', 'TRK-MN-00057', 'Bandung', 'READY_TO_SHIP', 'Distribution Hub', '2026-05-15', '2026-05-10 12:00:00');
INSERT INTO settlements (settlement_id, order_global_id, seller_code, provider_code, gross_amount, marketplace_fee, seller_net_amount, settlement_status, created_at) VALUES ('SET-00057', 'ORD-MN-20260057', 'SELLER-WULING', 'FIN-DANA', 298500000, 8955000, 289545000, 'PENDING', '2026-05-11 10:00:00');
INSERT INTO orders (order_global_id, customer_global_id, buyer_name, seller_code, listing_id, vehicle_code, qty, subtotal, shipping_fee, discount_amount, grand_total, payment_method, payment_status, order_status, shipment_status, destination_city, created_at) VALUES ('ORD-MN-20260058', 'CUST-0007', 'Dimas Arya', 'SELLER-HONDA', 'CAR-HONDA-003', 'CAR-HONDA-003', 1, 540000000, 7500000, 0, 547500000, 'Bank Kirana Digital', 'PAID', 'DELIVERED', 'DELIVERED', 'Bekasi', '2026-05-11 11:00:00');
INSERT INTO order_status_history (order_global_id, status, note, created_at) VALUES ('ORD-MN-20260058', 'ORDER_CREATED', 'Order dibuat dari marketplace', '2026-05-11 11:00:00');
INSERT INTO payments_summary (order_global_id, provider_code, provider_name, payment_reference, amount, payment_status, paid_at) VALUES ('ORD-MN-20260058', 'FIN-BANK', 'Bank Kirana Digital', 'PAY-00058', 547500000, 'PAID', '2026-05-11 11:02:00');
INSERT INTO shipments_summary (order_global_id, delivery_code, delivery_name, tracking_number, destination_city, shipment_status, current_location, estimated_arrival, updated_at) VALUES ('ORD-MN-20260058', 'DEL-ORI', 'OrionCargo Logistics', 'TRK-MN-00058', 'Bekasi', 'DELIVERED', 'Bekasi', '2026-05-16', '2026-05-11 13:00:00');
INSERT INTO settlements (settlement_id, order_global_id, seller_code, provider_code, gross_amount, marketplace_fee, seller_net_amount, settlement_status, created_at) VALUES ('SET-00058', 'ORD-MN-20260058', 'SELLER-HONDA', 'FIN-BANK', 547500000, 16425000, 531075000, 'SETTLED', '2026-05-12 11:00:00');
INSERT INTO orders (order_global_id, customer_global_id, buyer_name, seller_code, listing_id, vehicle_code, qty, subtotal, shipping_fee, discount_amount, grand_total, payment_method, payment_status, order_status, shipment_status, destination_city, created_at) VALUES ('ORD-MN-20260059', 'CUST-0002', 'Soni Mahardika', 'SELLER-SUZUKI', 'CAR-SUZUKI-002', 'CAR-SUZUKI-002', 1, 305000000, 3500000, 0, 308500000, 'GoPay Financial Services', 'PAID', 'DELIVERED', 'DELIVERED', 'Sleman', '2026-05-12 12:00:00');
INSERT INTO order_status_history (order_global_id, status, note, created_at) VALUES ('ORD-MN-20260059', 'ORDER_CREATED', 'Order dibuat dari marketplace', '2026-05-12 12:00:00');
INSERT INTO payments_summary (order_global_id, provider_code, provider_name, payment_reference, amount, payment_status, paid_at) VALUES ('ORD-MN-20260059', 'FIN-GOPAY', 'GoPay Financial Services', 'PAY-00059', 308500000, 'PAID', '2026-05-12 12:02:00');
INSERT INTO shipments_summary (order_global_id, delivery_code, delivery_name, tracking_number, destination_city, shipment_status, current_location, estimated_arrival, updated_at) VALUES ('ORD-MN-20260059', 'DEL-SKY', 'SkySend Express', 'TRK-MN-00059', 'Sleman', 'DELIVERED', 'Sleman', '2026-05-17', '2026-05-12 14:00:00');
INSERT INTO settlements (settlement_id, order_global_id, seller_code, provider_code, gross_amount, marketplace_fee, seller_net_amount, settlement_status, created_at) VALUES ('SET-00059', 'ORD-MN-20260059', 'SELLER-SUZUKI', 'FIN-GOPAY', 308500000, 9255000, 299245000, 'SETTLED', '2026-05-13 12:00:00');
INSERT INTO orders (order_global_id, customer_global_id, buyer_name, seller_code, listing_id, vehicle_code, qty, subtotal, shipping_fee, discount_amount, grand_total, payment_method, payment_status, order_status, shipment_status, destination_city, created_at) VALUES ('ORD-MN-20260060', 'CUST-0005', 'Bima Saputra', 'SELLER-HONDA', 'CAR-HONDA-001', 'CAR-HONDA-001', 1, 198000000, 3500000, 1000000, 200500000, 'DANA Digital Wallet', 'PAID', 'DELIVERED', 'DELIVERED', 'Surabaya', '2026-05-13 13:00:00');
INSERT INTO order_status_history (order_global_id, status, note, created_at) VALUES ('ORD-MN-20260060', 'ORDER_CREATED', 'Order dibuat dari marketplace', '2026-05-13 13:00:00');
INSERT INTO payments_summary (order_global_id, provider_code, provider_name, payment_reference, amount, payment_status, paid_at) VALUES ('ORD-MN-20260060', 'FIN-DANA', 'DANA Digital Wallet', 'PAY-00060', 200500000, 'PAID', '2026-05-13 13:02:00');
INSERT INTO shipments_summary (order_global_id, delivery_code, delivery_name, tracking_number, destination_city, shipment_status, current_location, estimated_arrival, updated_at) VALUES ('ORD-MN-20260060', 'DEL-NEO', 'NeoRush Delivery', 'TRK-MN-00060', 'Surabaya', 'DELIVERED', 'Surabaya', '2026-05-18', '2026-05-13 15:00:00');
INSERT INTO settlements (settlement_id, order_global_id, seller_code, provider_code, gross_amount, marketplace_fee, seller_net_amount, settlement_status, created_at) VALUES ('SET-00060', 'ORD-MN-20260060', 'SELLER-HONDA', 'FIN-DANA', 200500000, 6015000, 194485000, 'SETTLED', '2026-05-14 13:00:00');
INSERT INTO api_logs (service_name, endpoint, method, status_code, message, created_at) VALUES ('Marketplace Gateway', '/catalog', 'GET', 200, 'gateway activity recorded', '2026-05-02 11:01:00');
INSERT INTO api_logs (service_name, endpoint, method, status_code, message, created_at) VALUES ('Marketplace Gateway', '/catalog', 'GET', 200, 'gateway activity recorded', '2026-05-03 11:02:00');
INSERT INTO api_logs (service_name, endpoint, method, status_code, message, created_at) VALUES ('Marketplace Gateway', '/orders/buy', 'POST', 200, 'gateway activity recorded', '2026-05-04 11:03:00');
INSERT INTO api_logs (service_name, endpoint, method, status_code, message, created_at) VALUES ('Marketplace Gateway', '/catalog', 'GET', 200, 'gateway activity recorded', '2026-05-05 11:04:00');
INSERT INTO api_logs (service_name, endpoint, method, status_code, message, created_at) VALUES ('Marketplace Gateway', '/catalog', 'GET', 200, 'gateway activity recorded', '2026-05-06 11:05:00');
INSERT INTO api_logs (service_name, endpoint, method, status_code, message, created_at) VALUES ('Marketplace Gateway', '/orders/buy', 'POST', 200, 'gateway activity recorded', '2026-05-07 11:06:00');
INSERT INTO api_logs (service_name, endpoint, method, status_code, message, created_at) VALUES ('Marketplace Gateway', '/catalog', 'GET', 200, 'gateway activity recorded', '2026-05-08 11:07:00');
INSERT INTO api_logs (service_name, endpoint, method, status_code, message, created_at) VALUES ('Marketplace Gateway', '/catalog', 'GET', 200, 'gateway activity recorded', '2026-05-09 11:08:00');
INSERT INTO api_logs (service_name, endpoint, method, status_code, message, created_at) VALUES ('Marketplace Gateway', '/orders/buy', 'POST', 200, 'gateway activity recorded', '2026-05-10 11:09:00');
INSERT INTO api_logs (service_name, endpoint, method, status_code, message, created_at) VALUES ('Marketplace Gateway', '/catalog', 'GET', 200, 'gateway activity recorded', '2026-05-11 11:10:00');
INSERT INTO api_logs (service_name, endpoint, method, status_code, message, created_at) VALUES ('Marketplace Gateway', '/catalog', 'GET', 200, 'gateway activity recorded', '2026-05-12 11:11:00');
INSERT INTO api_logs (service_name, endpoint, method, status_code, message, created_at) VALUES ('Marketplace Gateway', '/orders/buy', 'POST', 200, 'gateway activity recorded', '2026-05-13 11:12:00');
INSERT INTO api_logs (service_name, endpoint, method, status_code, message, created_at) VALUES ('Marketplace Gateway', '/catalog', 'GET', 200, 'gateway activity recorded', '2026-05-14 11:13:00');
INSERT INTO api_logs (service_name, endpoint, method, status_code, message, created_at) VALUES ('Marketplace Gateway', '/catalog', 'GET', 200, 'gateway activity recorded', '2026-05-15 11:14:00');
INSERT INTO api_logs (service_name, endpoint, method, status_code, message, created_at) VALUES ('Marketplace Gateway', '/orders/buy', 'POST', 200, 'gateway activity recorded', '2026-05-16 11:15:00');
INSERT INTO api_logs (service_name, endpoint, method, status_code, message, created_at) VALUES ('Marketplace Gateway', '/catalog', 'GET', 200, 'gateway activity recorded', '2026-05-17 11:16:00');
INSERT INTO api_logs (service_name, endpoint, method, status_code, message, created_at) VALUES ('Marketplace Gateway', '/catalog', 'GET', 200, 'gateway activity recorded', '2026-05-18 11:17:00');
INSERT INTO api_logs (service_name, endpoint, method, status_code, message, created_at) VALUES ('Marketplace Gateway', '/orders/buy', 'POST', 200, 'gateway activity recorded', '2026-05-19 11:18:00');
INSERT INTO api_logs (service_name, endpoint, method, status_code, message, created_at) VALUES ('Marketplace Gateway', '/catalog', 'GET', 200, 'gateway activity recorded', '2026-05-20 11:19:00');
INSERT INTO api_logs (service_name, endpoint, method, status_code, message, created_at) VALUES ('Marketplace Gateway', '/catalog', 'GET', 200, 'gateway activity recorded', '2026-05-21 11:20:00');
INSERT INTO api_logs (service_name, endpoint, method, status_code, message, created_at) VALUES ('Marketplace Gateway', '/orders/buy', 'POST', 200, 'gateway activity recorded', '2026-05-22 11:21:00');
INSERT INTO api_logs (service_name, endpoint, method, status_code, message, created_at) VALUES ('Marketplace Gateway', '/catalog', 'GET', 200, 'gateway activity recorded', '2026-05-23 11:22:00');
INSERT INTO api_logs (service_name, endpoint, method, status_code, message, created_at) VALUES ('Marketplace Gateway', '/catalog', 'GET', 200, 'gateway activity recorded', '2026-05-24 11:23:00');
INSERT INTO api_logs (service_name, endpoint, method, status_code, message, created_at) VALUES ('Marketplace Gateway', '/orders/buy', 'POST', 200, 'gateway activity recorded', '2026-05-01 11:24:00');
INSERT INTO api_logs (service_name, endpoint, method, status_code, message, created_at) VALUES ('Marketplace Gateway', '/catalog', 'GET', 200, 'gateway activity recorded', '2026-05-02 11:25:00');
INSERT INTO api_logs (service_name, endpoint, method, status_code, message, created_at) VALUES ('Marketplace Gateway', '/catalog', 'GET', 200, 'gateway activity recorded', '2026-05-03 11:26:00');
INSERT INTO api_logs (service_name, endpoint, method, status_code, message, created_at) VALUES ('Marketplace Gateway', '/orders/buy', 'POST', 200, 'gateway activity recorded', '2026-05-04 11:27:00');
INSERT INTO api_logs (service_name, endpoint, method, status_code, message, created_at) VALUES ('Marketplace Gateway', '/catalog', 'GET', 200, 'gateway activity recorded', '2026-05-05 11:28:00');
INSERT INTO api_logs (service_name, endpoint, method, status_code, message, created_at) VALUES ('Marketplace Gateway', '/catalog', 'GET', 200, 'gateway activity recorded', '2026-05-06 11:29:00');
INSERT INTO api_logs (service_name, endpoint, method, status_code, message, created_at) VALUES ('Marketplace Gateway', '/orders/buy', 'POST', 200, 'gateway activity recorded', '2026-05-07 11:30:00');
INSERT INTO api_logs (service_name, endpoint, method, status_code, message, created_at) VALUES ('Marketplace Gateway', '/catalog', 'GET', 200, 'gateway activity recorded', '2026-05-08 11:31:00');
INSERT INTO api_logs (service_name, endpoint, method, status_code, message, created_at) VALUES ('Marketplace Gateway', '/catalog', 'GET', 200, 'gateway activity recorded', '2026-05-09 11:32:00');
INSERT INTO api_logs (service_name, endpoint, method, status_code, message, created_at) VALUES ('Marketplace Gateway', '/orders/buy', 'POST', 200, 'gateway activity recorded', '2026-05-10 11:33:00');
INSERT INTO api_logs (service_name, endpoint, method, status_code, message, created_at) VALUES ('Marketplace Gateway', '/catalog', 'GET', 200, 'gateway activity recorded', '2026-05-11 11:34:00');
INSERT INTO api_logs (service_name, endpoint, method, status_code, message, created_at) VALUES ('Marketplace Gateway', '/catalog', 'GET', 200, 'gateway activity recorded', '2026-05-12 11:35:00');
INSERT INTO api_logs (service_name, endpoint, method, status_code, message, created_at) VALUES ('Marketplace Gateway', '/orders/buy', 'POST', 200, 'gateway activity recorded', '2026-05-13 11:36:00');
INSERT INTO api_logs (service_name, endpoint, method, status_code, message, created_at) VALUES ('Marketplace Gateway', '/catalog', 'GET', 200, 'gateway activity recorded', '2026-05-14 11:37:00');
INSERT INTO api_logs (service_name, endpoint, method, status_code, message, created_at) VALUES ('Marketplace Gateway', '/catalog', 'GET', 200, 'gateway activity recorded', '2026-05-15 11:38:00');
INSERT INTO api_logs (service_name, endpoint, method, status_code, message, created_at) VALUES ('Marketplace Gateway', '/orders/buy', 'POST', 200, 'gateway activity recorded', '2026-05-16 11:39:00');
INSERT INTO api_logs (service_name, endpoint, method, status_code, message, created_at) VALUES ('Marketplace Gateway', '/catalog', 'GET', 200, 'gateway activity recorded', '2026-05-17 11:40:00');
INSERT INTO api_logs (service_name, endpoint, method, status_code, message, created_at) VALUES ('Marketplace Gateway', '/catalog', 'GET', 200, 'gateway activity recorded', '2026-05-18 11:41:00');
INSERT INTO api_logs (service_name, endpoint, method, status_code, message, created_at) VALUES ('Marketplace Gateway', '/orders/buy', 'POST', 200, 'gateway activity recorded', '2026-05-19 11:42:00');
INSERT INTO api_logs (service_name, endpoint, method, status_code, message, created_at) VALUES ('Marketplace Gateway', '/catalog', 'GET', 200, 'gateway activity recorded', '2026-05-20 11:43:00');
INSERT INTO api_logs (service_name, endpoint, method, status_code, message, created_at) VALUES ('Marketplace Gateway', '/catalog', 'GET', 200, 'gateway activity recorded', '2026-05-21 11:44:00');
INSERT INTO api_logs (service_name, endpoint, method, status_code, message, created_at) VALUES ('Marketplace Gateway', '/orders/buy', 'POST', 200, 'gateway activity recorded', '2026-05-22 11:45:00');
INSERT INTO api_logs (service_name, endpoint, method, status_code, message, created_at) VALUES ('Marketplace Gateway', '/catalog', 'GET', 200, 'gateway activity recorded', '2026-05-23 11:46:00');
INSERT INTO api_logs (service_name, endpoint, method, status_code, message, created_at) VALUES ('Marketplace Gateway', '/catalog', 'GET', 200, 'gateway activity recorded', '2026-05-24 11:47:00');
INSERT INTO api_logs (service_name, endpoint, method, status_code, message, created_at) VALUES ('Marketplace Gateway', '/orders/buy', 'POST', 200, 'gateway activity recorded', '2026-05-01 11:48:00');
INSERT INTO api_logs (service_name, endpoint, method, status_code, message, created_at) VALUES ('Marketplace Gateway', '/catalog', 'GET', 200, 'gateway activity recorded', '2026-05-02 11:49:00');
INSERT INTO api_logs (service_name, endpoint, method, status_code, message, created_at) VALUES ('Marketplace Gateway', '/catalog', 'GET', 200, 'gateway activity recorded', '2026-05-03 11:50:00');
INSERT INTO api_logs (service_name, endpoint, method, status_code, message, created_at) VALUES ('Marketplace Gateway', '/orders/buy', 'POST', 200, 'gateway activity recorded', '2026-05-04 11:51:00');
INSERT INTO api_logs (service_name, endpoint, method, status_code, message, created_at) VALUES ('Marketplace Gateway', '/catalog', 'GET', 200, 'gateway activity recorded', '2026-05-05 11:52:00');
INSERT INTO api_logs (service_name, endpoint, method, status_code, message, created_at) VALUES ('Marketplace Gateway', '/catalog', 'GET', 200, 'gateway activity recorded', '2026-05-06 11:53:00');
INSERT INTO api_logs (service_name, endpoint, method, status_code, message, created_at) VALUES ('Marketplace Gateway', '/orders/buy', 'POST', 200, 'gateway activity recorded', '2026-05-07 11:54:00');
INSERT INTO api_logs (service_name, endpoint, method, status_code, message, created_at) VALUES ('Marketplace Gateway', '/catalog', 'GET', 200, 'gateway activity recorded', '2026-05-08 11:55:00');
INSERT INTO api_logs (service_name, endpoint, method, status_code, message, created_at) VALUES ('Marketplace Gateway', '/catalog', 'GET', 200, 'gateway activity recorded', '2026-05-09 11:56:00');
INSERT INTO api_logs (service_name, endpoint, method, status_code, message, created_at) VALUES ('Marketplace Gateway', '/orders/buy', 'POST', 200, 'gateway activity recorded', '2026-05-10 11:57:00');
INSERT INTO api_logs (service_name, endpoint, method, status_code, message, created_at) VALUES ('Marketplace Gateway', '/catalog', 'GET', 200, 'gateway activity recorded', '2026-05-11 11:58:00');
INSERT INTO api_logs (service_name, endpoint, method, status_code, message, created_at) VALUES ('Marketplace Gateway', '/catalog', 'GET', 200, 'gateway activity recorded', '2026-05-12 11:59:00');
INSERT INTO api_logs (service_name, endpoint, method, status_code, message, created_at) VALUES ('Marketplace Gateway', '/orders/buy', 'POST', 200, 'gateway activity recorded', '2026-05-13 11:00:00');
INSERT INTO api_logs (service_name, endpoint, method, status_code, message, created_at) VALUES ('Marketplace Gateway', '/catalog', 'GET', 200, 'gateway activity recorded', '2026-05-14 11:01:00');
INSERT INTO api_logs (service_name, endpoint, method, status_code, message, created_at) VALUES ('Marketplace Gateway', '/catalog', 'GET', 200, 'gateway activity recorded', '2026-05-15 11:02:00');
INSERT INTO api_logs (service_name, endpoint, method, status_code, message, created_at) VALUES ('Marketplace Gateway', '/orders/buy', 'POST', 200, 'gateway activity recorded', '2026-05-16 11:03:00');
INSERT INTO api_logs (service_name, endpoint, method, status_code, message, created_at) VALUES ('Marketplace Gateway', '/catalog', 'GET', 200, 'gateway activity recorded', '2026-05-17 11:04:00');
INSERT INTO api_logs (service_name, endpoint, method, status_code, message, created_at) VALUES ('Marketplace Gateway', '/catalog', 'GET', 200, 'gateway activity recorded', '2026-05-18 11:05:00');
INSERT INTO api_logs (service_name, endpoint, method, status_code, message, created_at) VALUES ('Marketplace Gateway', '/orders/buy', 'POST', 200, 'gateway activity recorded', '2026-05-19 11:06:00');
INSERT INTO api_logs (service_name, endpoint, method, status_code, message, created_at) VALUES ('Marketplace Gateway', '/catalog', 'GET', 200, 'gateway activity recorded', '2026-05-20 11:07:00');
INSERT INTO api_logs (service_name, endpoint, method, status_code, message, created_at) VALUES ('Marketplace Gateway', '/catalog', 'GET', 200, 'gateway activity recorded', '2026-05-21 11:08:00');
INSERT INTO api_logs (service_name, endpoint, method, status_code, message, created_at) VALUES ('Marketplace Gateway', '/orders/buy', 'POST', 200, 'gateway activity recorded', '2026-05-22 11:09:00');
INSERT INTO api_logs (service_name, endpoint, method, status_code, message, created_at) VALUES ('Marketplace Gateway', '/catalog', 'GET', 200, 'gateway activity recorded', '2026-05-23 11:10:00');
INSERT INTO api_logs (service_name, endpoint, method, status_code, message, created_at) VALUES ('Marketplace Gateway', '/catalog', 'GET', 200, 'gateway activity recorded', '2026-05-24 11:11:00');
INSERT INTO api_logs (service_name, endpoint, method, status_code, message, created_at) VALUES ('Marketplace Gateway', '/orders/buy', 'POST', 200, 'gateway activity recorded', '2026-05-01 11:12:00');
INSERT INTO api_logs (service_name, endpoint, method, status_code, message, created_at) VALUES ('Marketplace Gateway', '/catalog', 'GET', 200, 'gateway activity recorded', '2026-05-02 11:13:00');
INSERT INTO api_logs (service_name, endpoint, method, status_code, message, created_at) VALUES ('Marketplace Gateway', '/catalog', 'GET', 200, 'gateway activity recorded', '2026-05-03 11:14:00');
INSERT INTO api_logs (service_name, endpoint, method, status_code, message, created_at) VALUES ('Marketplace Gateway', '/orders/buy', 'POST', 200, 'gateway activity recorded', '2026-05-04 11:15:00');
INSERT INTO api_logs (service_name, endpoint, method, status_code, message, created_at) VALUES ('Marketplace Gateway', '/catalog', 'GET', 200, 'gateway activity recorded', '2026-05-05 11:16:00');
INSERT INTO api_logs (service_name, endpoint, method, status_code, message, created_at) VALUES ('Marketplace Gateway', '/catalog', 'GET', 200, 'gateway activity recorded', '2026-05-06 11:17:00');
INSERT INTO api_logs (service_name, endpoint, method, status_code, message, created_at) VALUES ('Marketplace Gateway', '/orders/buy', 'POST', 200, 'gateway activity recorded', '2026-05-07 11:18:00');
INSERT INTO api_logs (service_name, endpoint, method, status_code, message, created_at) VALUES ('Marketplace Gateway', '/catalog', 'GET', 200, 'gateway activity recorded', '2026-05-08 11:19:00');
INSERT INTO api_logs (service_name, endpoint, method, status_code, message, created_at) VALUES ('Marketplace Gateway', '/catalog', 'GET', 200, 'gateway activity recorded', '2026-05-09 11:20:00');
INSERT INTO api_logs (service_name, endpoint, method, status_code, message, created_at) VALUES ('Marketplace Gateway', '/orders/buy', 'POST', 200, 'gateway activity recorded', '2026-05-10 11:21:00');
INSERT INTO api_logs (service_name, endpoint, method, status_code, message, created_at) VALUES ('Marketplace Gateway', '/catalog', 'GET', 200, 'gateway activity recorded', '2026-05-11 11:22:00');
INSERT INTO api_logs (service_name, endpoint, method, status_code, message, created_at) VALUES ('Marketplace Gateway', '/catalog', 'GET', 200, 'gateway activity recorded', '2026-05-12 11:23:00');
INSERT INTO api_logs (service_name, endpoint, method, status_code, message, created_at) VALUES ('Marketplace Gateway', '/orders/buy', 'POST', 200, 'gateway activity recorded', '2026-05-13 11:24:00');
INSERT INTO api_logs (service_name, endpoint, method, status_code, message, created_at) VALUES ('Marketplace Gateway', '/catalog', 'GET', 200, 'gateway activity recorded', '2026-05-14 11:25:00');
INSERT INTO api_logs (service_name, endpoint, method, status_code, message, created_at) VALUES ('Marketplace Gateway', '/catalog', 'GET', 200, 'gateway activity recorded', '2026-05-15 11:26:00');
INSERT INTO api_logs (service_name, endpoint, method, status_code, message, created_at) VALUES ('Marketplace Gateway', '/orders/buy', 'POST', 200, 'gateway activity recorded', '2026-05-16 11:27:00');
INSERT INTO api_logs (service_name, endpoint, method, status_code, message, created_at) VALUES ('Marketplace Gateway', '/catalog', 'GET', 200, 'gateway activity recorded', '2026-05-17 11:28:00');
INSERT INTO api_logs (service_name, endpoint, method, status_code, message, created_at) VALUES ('Marketplace Gateway', '/catalog', 'GET', 200, 'gateway activity recorded', '2026-05-18 11:29:00');
INSERT INTO api_logs (service_name, endpoint, method, status_code, message, created_at) VALUES ('Marketplace Gateway', '/orders/buy', 'POST', 200, 'gateway activity recorded', '2026-05-19 11:30:00');
INSERT INTO api_logs (service_name, endpoint, method, status_code, message, created_at) VALUES ('Marketplace Gateway', '/catalog', 'GET', 200, 'gateway activity recorded', '2026-05-20 11:31:00');
INSERT INTO api_logs (service_name, endpoint, method, status_code, message, created_at) VALUES ('Marketplace Gateway', '/catalog', 'GET', 200, 'gateway activity recorded', '2026-05-21 11:32:00');
INSERT INTO api_logs (service_name, endpoint, method, status_code, message, created_at) VALUES ('Marketplace Gateway', '/orders/buy', 'POST', 200, 'gateway activity recorded', '2026-05-22 11:33:00');
INSERT INTO api_logs (service_name, endpoint, method, status_code, message, created_at) VALUES ('Marketplace Gateway', '/catalog', 'GET', 200, 'gateway activity recorded', '2026-05-23 11:34:00');
INSERT INTO api_logs (service_name, endpoint, method, status_code, message, created_at) VALUES ('Marketplace Gateway', '/catalog', 'GET', 200, 'gateway activity recorded', '2026-05-24 11:35:00');
INSERT INTO api_logs (service_name, endpoint, method, status_code, message, created_at) VALUES ('Marketplace Gateway', '/orders/buy', 'POST', 200, 'gateway activity recorded', '2026-05-01 11:36:00');
INSERT INTO api_logs (service_name, endpoint, method, status_code, message, created_at) VALUES ('Marketplace Gateway', '/catalog', 'GET', 200, 'gateway activity recorded', '2026-05-02 11:37:00');
INSERT INTO api_logs (service_name, endpoint, method, status_code, message, created_at) VALUES ('Marketplace Gateway', '/catalog', 'GET', 200, 'gateway activity recorded', '2026-05-03 11:38:00');
INSERT INTO api_logs (service_name, endpoint, method, status_code, message, created_at) VALUES ('Marketplace Gateway', '/orders/buy', 'POST', 200, 'gateway activity recorded', '2026-05-04 11:39:00');
INSERT INTO api_logs (service_name, endpoint, method, status_code, message, created_at) VALUES ('Marketplace Gateway', '/catalog', 'GET', 200, 'gateway activity recorded', '2026-05-05 11:40:00');
INSERT INTO api_logs (service_name, endpoint, method, status_code, message, created_at) VALUES ('Marketplace Gateway', '/catalog', 'GET', 200, 'gateway activity recorded', '2026-05-06 11:41:00');
INSERT INTO api_logs (service_name, endpoint, method, status_code, message, created_at) VALUES ('Marketplace Gateway', '/orders/buy', 'POST', 200, 'gateway activity recorded', '2026-05-07 11:42:00');
INSERT INTO api_logs (service_name, endpoint, method, status_code, message, created_at) VALUES ('Marketplace Gateway', '/catalog', 'GET', 200, 'gateway activity recorded', '2026-05-08 11:43:00');
INSERT INTO api_logs (service_name, endpoint, method, status_code, message, created_at) VALUES ('Marketplace Gateway', '/catalog', 'GET', 200, 'gateway activity recorded', '2026-05-09 11:44:00');
INSERT INTO api_logs (service_name, endpoint, method, status_code, message, created_at) VALUES ('Marketplace Gateway', '/orders/buy', 'POST', 200, 'gateway activity recorded', '2026-05-10 11:45:00');
INSERT INTO api_logs (service_name, endpoint, method, status_code, message, created_at) VALUES ('Marketplace Gateway', '/catalog', 'GET', 200, 'gateway activity recorded', '2026-05-11 11:46:00');
INSERT INTO api_logs (service_name, endpoint, method, status_code, message, created_at) VALUES ('Marketplace Gateway', '/catalog', 'GET', 200, 'gateway activity recorded', '2026-05-12 11:47:00');
INSERT INTO api_logs (service_name, endpoint, method, status_code, message, created_at) VALUES ('Marketplace Gateway', '/orders/buy', 'POST', 200, 'gateway activity recorded', '2026-05-13 11:48:00');
INSERT INTO api_logs (service_name, endpoint, method, status_code, message, created_at) VALUES ('Marketplace Gateway', '/catalog', 'GET', 200, 'gateway activity recorded', '2026-05-14 11:49:00');
INSERT INTO api_logs (service_name, endpoint, method, status_code, message, created_at) VALUES ('Marketplace Gateway', '/catalog', 'GET', 200, 'gateway activity recorded', '2026-05-15 11:50:00');
INSERT INTO api_logs (service_name, endpoint, method, status_code, message, created_at) VALUES ('Marketplace Gateway', '/orders/buy', 'POST', 200, 'gateway activity recorded', '2026-05-16 11:51:00');
INSERT INTO api_logs (service_name, endpoint, method, status_code, message, created_at) VALUES ('Marketplace Gateway', '/catalog', 'GET', 200, 'gateway activity recorded', '2026-05-17 11:52:00');
INSERT INTO api_logs (service_name, endpoint, method, status_code, message, created_at) VALUES ('Marketplace Gateway', '/catalog', 'GET', 200, 'gateway activity recorded', '2026-05-18 11:53:00');
INSERT INTO api_logs (service_name, endpoint, method, status_code, message, created_at) VALUES ('Marketplace Gateway', '/orders/buy', 'POST', 200, 'gateway activity recorded', '2026-05-19 11:54:00');
INSERT INTO api_logs (service_name, endpoint, method, status_code, message, created_at) VALUES ('Marketplace Gateway', '/catalog', 'GET', 200, 'gateway activity recorded', '2026-05-20 11:55:00');
INSERT INTO api_logs (service_name, endpoint, method, status_code, message, created_at) VALUES ('Marketplace Gateway', '/catalog', 'GET', 200, 'gateway activity recorded', '2026-05-21 11:56:00');
INSERT INTO api_logs (service_name, endpoint, method, status_code, message, created_at) VALUES ('Marketplace Gateway', '/orders/buy', 'POST', 200, 'gateway activity recorded', '2026-05-22 11:57:00');
INSERT INTO api_logs (service_name, endpoint, method, status_code, message, created_at) VALUES ('Marketplace Gateway', '/catalog', 'GET', 200, 'gateway activity recorded', '2026-05-23 11:58:00');
INSERT INTO api_logs (service_name, endpoint, method, status_code, message, created_at) VALUES ('Marketplace Gateway', '/catalog', 'GET', 200, 'gateway activity recorded', '2026-05-24 11:59:00');
INSERT INTO api_logs (service_name, endpoint, method, status_code, message, created_at) VALUES ('Marketplace Gateway', '/orders/buy', 'POST', 200, 'gateway activity recorded', '2026-05-01 11:00:00');
CREATE DATABASE seller_auto2000_db CHARACTER SET utf8mb4 COLLATE utf8mb4_unicode_ci;
USE seller_auto2000_db;

CREATE TABLE seller_profile(seller_code VARCHAR(40) PRIMARY KEY, seller_name VARCHAR(160), city VARCHAR(80), pin_code VARCHAR(40), status VARCHAR(20), hero_text TEXT, brand_color VARCHAR(20));
CREATE TABLE vehicles(vehicle_code VARCHAR(50) PRIMARY KEY, seller_code VARCHAR(40), brand VARCHAR(60), model VARCHAR(140), vehicle_type VARCHAR(60), year INT, fuel_type VARCHAR(40), transmission VARCHAR(40), selling_price BIGINT, unit_cost BIGINT, image_path VARCHAR(255), status VARCHAR(20));
CREATE TABLE seller_inventory(inventory_id INT AUTO_INCREMENT PRIMARY KEY, vehicle_code VARCHAR(50), stock_available INT, reserved_stock INT DEFAULT 0, warehouse VARCHAR(120), last_updated TIMESTAMP DEFAULT CURRENT_TIMESTAMP ON UPDATE CURRENT_TIMESTAMP);
CREATE TABLE seller_orders(seller_order_id INT AUTO_INCREMENT PRIMARY KEY, seller_order_global_id VARCHAR(60), marketplace_order_global_id VARCHAR(60), customer_global_id VARCHAR(40), customer_name VARCHAR(120), vehicle_code VARCHAR(50), qty INT, revenue BIGINT, unit_cost BIGINT, gross_profit BIGINT, order_status VARCHAR(40), shipment_status VARCHAR(40), created_at DATETIME);
CREATE TABLE seller_customers(customer_id INT AUTO_INCREMENT PRIMARY KEY, customer_global_id VARCHAR(40), customer_name VARCHAR(120), phone VARCHAR(40), city VARCHAR(80), total_spend BIGINT DEFAULT 0);
CREATE TABLE sales_recap(recap_id INT AUTO_INCREMENT PRIMARY KEY, recap_date DATE, vehicle_code VARCHAR(50), qty_sold INT, revenue BIGINT, cost BIGINT, gross_profit BIGINT);
CREATE TABLE restock_requests(restock_id VARCHAR(60) PRIMARY KEY, supplier_code VARCHAR(40), vehicle_code VARCHAR(50), qty INT, status VARCHAR(30), requested_at DATETIME);
CREATE TABLE seller_api_logs(log_id INT AUTO_INCREMENT PRIMARY KEY, endpoint VARCHAR(120), method VARCHAR(12), status_code INT, message VARCHAR(255), created_at DATETIME);

INSERT INTO seller_profile (seller_code, seller_name, city, pin_code, status, hero_text, brand_color) VALUES ('SELLER-A2000', 'Auto2000 Official Toyota', 'Jakarta', 'PIN-A2000', 'ACTIVE', 'Toyota showroom dan layanan purna jual resmi untuk keluarga Indonesia.', '#2563eb');
INSERT INTO vehicles (vehicle_code, seller_code, brand, model, vehicle_type, year, fuel_type, transmission, selling_price, unit_cost, image_path, status) VALUES ('CAR-A2000-001', 'SELLER-A2000', 'Toyota', 'Avanza 1.5 G CVT', 'MPV', 2024, 'Bensin', 'CVT', 268000000, 240000000, 'assets/cars/toyota_avanza.jpg', 'ACTIVE');
INSERT INTO seller_inventory (vehicle_code, stock_available, reserved_stock, warehouse) VALUES ('CAR-A2000-001', 13, 0, 'Gudang Jakarta');
INSERT INTO vehicles (vehicle_code, seller_code, brand, model, vehicle_type, year, fuel_type, transmission, selling_price, unit_cost, image_path, status) VALUES ('CAR-A2000-002', 'SELLER-A2000', 'Toyota', 'Fortuner 2.8 VRZ', 'SUV', 2023, 'Diesel', 'Automatic', 624000000, 575000000, 'assets/cars/toyota_fortuner.jpg', 'ACTIVE');
INSERT INTO seller_inventory (vehicle_code, stock_available, reserved_stock, warehouse) VALUES ('CAR-A2000-002', 6, 0, 'Gudang Jakarta');
INSERT INTO vehicles (vehicle_code, seller_code, brand, model, vehicle_type, year, fuel_type, transmission, selling_price, unit_cost, image_path, status) VALUES ('CAR-A2000-003', 'SELLER-A2000', 'Toyota', 'Innova Zenix Hybrid', 'MPV Hybrid', 2024, 'Hybrid', 'CVT', 471000000, 430000000, 'assets/cars/toyota_avanza.jpg', 'ACTIVE');
INSERT INTO seller_inventory (vehicle_code, stock_available, reserved_stock, warehouse) VALUES ('CAR-A2000-003', 8, 0, 'Gudang Jakarta');
INSERT INTO vehicles (vehicle_code, seller_code, brand, model, vehicle_type, year, fuel_type, transmission, selling_price, unit_cost, image_path, status) VALUES ('CAR-A2000-004', 'SELLER-A2000', 'Daihatsu', 'Terios R Custom', 'SUV', 2023, 'Bensin', 'Automatic', 304000000, 278000000, 'assets/cars/daihatsu_terios.jpg', 'ACTIVE');
INSERT INTO seller_inventory (vehicle_code, stock_available, reserved_stock, warehouse) VALUES ('CAR-A2000-004', 7, 0, 'Gudang Jakarta');
INSERT INTO seller_orders (seller_order_global_id, marketplace_order_global_id, customer_global_id, customer_name, vehicle_code, qty, revenue, unit_cost, gross_profit, order_status, shipment_status, created_at) VALUES ('SO-ORD-MN-20260005', 'ORD-MN-20260005', 'CUST-0008', 'Farah Amalia', 'CAR-A2000-004', 1, 304000000, 278000000, 26000000, 'DELIVERED', 'DELIVERED', '2026-05-06 14:00:00');
INSERT INTO sales_recap (recap_date, vehicle_code, qty_sold, revenue, cost, gross_profit) VALUES ('2026-05-06', 'CAR-A2000-004', 1, 304000000, 278000000, 26000000);
INSERT INTO seller_customers (customer_global_id, customer_name, phone, city, total_spend) VALUES ('CUST-0008', 'Farah Amalia', '081200000008', 'Tangerang', 304000000);
INSERT INTO seller_orders (seller_order_global_id, marketplace_order_global_id, customer_global_id, customer_name, vehicle_code, qty, revenue, unit_cost, gross_profit, order_status, shipment_status, created_at) VALUES ('SO-ORD-MN-20260007', 'ORD-MN-20260007', 'CUST-0006', 'Citra Lestari', 'CAR-A2000-002', 1, 624000000, 575000000, 49000000, 'PAID', 'READY_TO_SHIP', '2026-05-08 16:00:00');
INSERT INTO sales_recap (recap_date, vehicle_code, qty_sold, revenue, cost, gross_profit) VALUES ('2026-05-08', 'CAR-A2000-002', 1, 624000000, 575000000, 49000000);
INSERT INTO seller_customers (customer_global_id, customer_name, phone, city, total_spend) VALUES ('CUST-0006', 'Citra Lestari', '081200000006', 'Semarang', 624000000);
INSERT INTO seller_orders (seller_order_global_id, marketplace_order_global_id, customer_global_id, customer_name, vehicle_code, qty, revenue, unit_cost, gross_profit, order_status, shipment_status, created_at) VALUES ('SO-ORD-MN-20260014', 'ORD-MN-20260014', 'CUST-0003', 'Raka Pratama', 'CAR-A2000-003', 1, 471000000, 430000000, 41000000, 'DELIVERED', 'DELIVERED', '2026-05-15 15:00:00');
INSERT INTO sales_recap (recap_date, vehicle_code, qty_sold, revenue, cost, gross_profit) VALUES ('2026-05-15', 'CAR-A2000-003', 1, 471000000, 430000000, 41000000);
INSERT INTO seller_customers (customer_global_id, customer_name, phone, city, total_spend) VALUES ('CUST-0003', 'Raka Pratama', '081200000003', 'Jakarta', 471000000);
INSERT INTO seller_orders (seller_order_global_id, marketplace_order_global_id, customer_global_id, customer_name, vehicle_code, qty, revenue, unit_cost, gross_profit, order_status, shipment_status, created_at) VALUES ('SO-ORD-MN-20260016', 'ORD-MN-20260016', 'CUST-0001', 'Anne Melanika', 'CAR-A2000-001', 1, 268000000, 240000000, 28000000, 'SHIPPED', 'ON_DELIVERY', '2026-05-17 09:00:00');
INSERT INTO sales_recap (recap_date, vehicle_code, qty_sold, revenue, cost, gross_profit) VALUES ('2026-05-17', 'CAR-A2000-001', 1, 268000000, 240000000, 28000000);
INSERT INTO seller_customers (customer_global_id, customer_name, phone, city, total_spend) VALUES ('CUST-0001', 'Anne Melanika', '081200000001', 'Yogyakarta', 268000000);
INSERT INTO seller_orders (seller_order_global_id, marketplace_order_global_id, customer_global_id, customer_name, vehicle_code, qty, revenue, unit_cost, gross_profit, order_status, shipment_status, created_at) VALUES ('SO-ORD-MN-20260021', 'ORD-MN-20260021', 'CUST-0008', 'Farah Amalia', 'CAR-A2000-004', 1, 304000000, 278000000, 26000000, 'SHIPPED', 'ON_DELIVERY', '2026-05-22 14:00:00');
INSERT INTO sales_recap (recap_date, vehicle_code, qty_sold, revenue, cost, gross_profit) VALUES ('2026-05-22', 'CAR-A2000-004', 1, 304000000, 278000000, 26000000);
INSERT INTO seller_customers (customer_global_id, customer_name, phone, city, total_spend) VALUES ('CUST-0008', 'Farah Amalia', '081200000008', 'Tangerang', 304000000);
INSERT INTO seller_orders (seller_order_global_id, marketplace_order_global_id, customer_global_id, customer_name, vehicle_code, qty, revenue, unit_cost, gross_profit, order_status, shipment_status, created_at) VALUES ('SO-ORD-MN-20260023', 'ORD-MN-20260023', 'CUST-0006', 'Citra Lestari', 'CAR-A2000-002', 1, 624000000, 575000000, 49000000, 'DELIVERED', 'DELIVERED', '2026-05-24 16:00:00');
INSERT INTO sales_recap (recap_date, vehicle_code, qty_sold, revenue, cost, gross_profit) VALUES ('2026-05-24', 'CAR-A2000-002', 1, 624000000, 575000000, 49000000);
INSERT INTO seller_customers (customer_global_id, customer_name, phone, city, total_spend) VALUES ('CUST-0006', 'Citra Lestari', '081200000006', 'Semarang', 624000000);
INSERT INTO seller_orders (seller_order_global_id, marketplace_order_global_id, customer_global_id, customer_name, vehicle_code, qty, revenue, unit_cost, gross_profit, order_status, shipment_status, created_at) VALUES ('SO-ORD-MN-20260030', 'ORD-MN-20260030', 'CUST-0003', 'Raka Pratama', 'CAR-A2000-003', 1, 471000000, 430000000, 41000000, 'DELIVERED', 'DELIVERED', '2026-05-07 15:00:00');
INSERT INTO sales_recap (recap_date, vehicle_code, qty_sold, revenue, cost, gross_profit) VALUES ('2026-05-07', 'CAR-A2000-003', 1, 471000000, 430000000, 41000000);
INSERT INTO seller_customers (customer_global_id, customer_name, phone, city, total_spend) VALUES ('CUST-0003', 'Raka Pratama', '081200000003', 'Jakarta', 471000000);
INSERT INTO seller_orders (seller_order_global_id, marketplace_order_global_id, customer_global_id, customer_name, vehicle_code, qty, revenue, unit_cost, gross_profit, order_status, shipment_status, created_at) VALUES ('SO-ORD-MN-20260032', 'ORD-MN-20260032', 'CUST-0001', 'Anne Melanika', 'CAR-A2000-001', 1, 268000000, 240000000, 28000000, 'PAID', 'READY_TO_SHIP', '2026-05-09 09:00:00');
INSERT INTO sales_recap (recap_date, vehicle_code, qty_sold, revenue, cost, gross_profit) VALUES ('2026-05-09', 'CAR-A2000-001', 1, 268000000, 240000000, 28000000);
INSERT INTO seller_customers (customer_global_id, customer_name, phone, city, total_spend) VALUES ('CUST-0001', 'Anne Melanika', '081200000001', 'Yogyakarta', 268000000);
INSERT INTO seller_orders (seller_order_global_id, marketplace_order_global_id, customer_global_id, customer_name, vehicle_code, qty, revenue, unit_cost, gross_profit, order_status, shipment_status, created_at) VALUES ('SO-ORD-MN-20260037', 'ORD-MN-20260037', 'CUST-0008', 'Farah Amalia', 'CAR-A2000-004', 1, 304000000, 278000000, 26000000, 'PAID', 'READY_TO_SHIP', '2026-05-14 14:00:00');
INSERT INTO sales_recap (recap_date, vehicle_code, qty_sold, revenue, cost, gross_profit) VALUES ('2026-05-14', 'CAR-A2000-004', 1, 304000000, 278000000, 26000000);
INSERT INTO seller_customers (customer_global_id, customer_name, phone, city, total_spend) VALUES ('CUST-0008', 'Farah Amalia', '081200000008', 'Tangerang', 304000000);
INSERT INTO seller_orders (seller_order_global_id, marketplace_order_global_id, customer_global_id, customer_name, vehicle_code, qty, revenue, unit_cost, gross_profit, order_status, shipment_status, created_at) VALUES ('SO-ORD-MN-20260039', 'ORD-MN-20260039', 'CUST-0006', 'Citra Lestari', 'CAR-A2000-002', 1, 624000000, 575000000, 49000000, 'DELIVERED', 'DELIVERED', '2026-05-16 16:00:00');
INSERT INTO sales_recap (recap_date, vehicle_code, qty_sold, revenue, cost, gross_profit) VALUES ('2026-05-16', 'CAR-A2000-002', 1, 624000000, 575000000, 49000000);
INSERT INTO seller_customers (customer_global_id, customer_name, phone, city, total_spend) VALUES ('CUST-0006', 'Citra Lestari', '081200000006', 'Semarang', 624000000);
INSERT INTO seller_orders (seller_order_global_id, marketplace_order_global_id, customer_global_id, customer_name, vehicle_code, qty, revenue, unit_cost, gross_profit, order_status, shipment_status, created_at) VALUES ('SO-ORD-MN-20260046', 'ORD-MN-20260046', 'CUST-0003', 'Raka Pratama', 'CAR-A2000-003', 1, 471000000, 430000000, 41000000, 'SHIPPED', 'ON_DELIVERY', '2026-05-23 15:00:00');
INSERT INTO sales_recap (recap_date, vehicle_code, qty_sold, revenue, cost, gross_profit) VALUES ('2026-05-23', 'CAR-A2000-003', 1, 471000000, 430000000, 41000000);
INSERT INTO seller_customers (customer_global_id, customer_name, phone, city, total_spend) VALUES ('CUST-0003', 'Raka Pratama', '081200000003', 'Jakarta', 471000000);
INSERT INTO seller_orders (seller_order_global_id, marketplace_order_global_id, customer_global_id, customer_name, vehicle_code, qty, revenue, unit_cost, gross_profit, order_status, shipment_status, created_at) VALUES ('SO-ORD-MN-20260048', 'ORD-MN-20260048', 'CUST-0001', 'Anne Melanika', 'CAR-A2000-001', 1, 268000000, 240000000, 28000000, 'DELIVERED', 'DELIVERED', '2026-05-01 09:00:00');
INSERT INTO sales_recap (recap_date, vehicle_code, qty_sold, revenue, cost, gross_profit) VALUES ('2026-05-01', 'CAR-A2000-001', 1, 268000000, 240000000, 28000000);
INSERT INTO seller_customers (customer_global_id, customer_name, phone, city, total_spend) VALUES ('CUST-0001', 'Anne Melanika', '081200000001', 'Yogyakarta', 268000000);
INSERT INTO seller_orders (seller_order_global_id, marketplace_order_global_id, customer_global_id, customer_name, vehicle_code, qty, revenue, unit_cost, gross_profit, order_status, shipment_status, created_at) VALUES ('SO-ORD-MN-20260053', 'ORD-MN-20260053', 'CUST-0008', 'Farah Amalia', 'CAR-A2000-004', 1, 304000000, 278000000, 26000000, 'DELIVERED', 'DELIVERED', '2026-05-06 14:00:00');
INSERT INTO sales_recap (recap_date, vehicle_code, qty_sold, revenue, cost, gross_profit) VALUES ('2026-05-06', 'CAR-A2000-004', 1, 304000000, 278000000, 26000000);
INSERT INTO seller_customers (customer_global_id, customer_name, phone, city, total_spend) VALUES ('CUST-0008', 'Farah Amalia', '081200000008', 'Tangerang', 304000000);
INSERT INTO seller_orders (seller_order_global_id, marketplace_order_global_id, customer_global_id, customer_name, vehicle_code, qty, revenue, unit_cost, gross_profit, order_status, shipment_status, created_at) VALUES ('SO-ORD-MN-20260055', 'ORD-MN-20260055', 'CUST-0006', 'Citra Lestari', 'CAR-A2000-002', 1, 624000000, 575000000, 49000000, 'DELIVERED', 'DELIVERED', '2026-05-08 16:00:00');
INSERT INTO sales_recap (recap_date, vehicle_code, qty_sold, revenue, cost, gross_profit) VALUES ('2026-05-08', 'CAR-A2000-002', 1, 624000000, 575000000, 49000000);
INSERT INTO seller_customers (customer_global_id, customer_name, phone, city, total_spend) VALUES ('CUST-0006', 'Citra Lestari', '081200000006', 'Semarang', 624000000);
INSERT INTO restock_requests (restock_id, supplier_code, vehicle_code, qty, status, requested_at) VALUES ('RST-A2000-001', 'SUP-JDM', 'CAR-A2000-001', 6, 'APPROVED', '2026-05-20 10:00:00');
INSERT INTO restock_requests (restock_id, supplier_code, vehicle_code, qty, status, requested_at) VALUES ('RST-A2000-002', 'SUP-EV', 'CAR-A2000-002', 7, 'PENDING', '2026-05-20 10:00:00');
INSERT INTO seller_api_logs (endpoint, method, status_code, message, created_at) VALUES ('/seller/inventory', 'GET', 200, 'Inventory loaded', '2026-05-20 11:00:00');
CREATE DATABASE seller_honda_db CHARACTER SET utf8mb4 COLLATE utf8mb4_unicode_ci;
USE seller_honda_db;

CREATE TABLE seller_profile(seller_code VARCHAR(40) PRIMARY KEY, seller_name VARCHAR(160), city VARCHAR(80), pin_code VARCHAR(40), status VARCHAR(20), hero_text TEXT, brand_color VARCHAR(20));
CREATE TABLE vehicles(vehicle_code VARCHAR(50) PRIMARY KEY, seller_code VARCHAR(40), brand VARCHAR(60), model VARCHAR(140), vehicle_type VARCHAR(60), year INT, fuel_type VARCHAR(40), transmission VARCHAR(40), selling_price BIGINT, unit_cost BIGINT, image_path VARCHAR(255), status VARCHAR(20));
CREATE TABLE seller_inventory(inventory_id INT AUTO_INCREMENT PRIMARY KEY, vehicle_code VARCHAR(50), stock_available INT, reserved_stock INT DEFAULT 0, warehouse VARCHAR(120), last_updated TIMESTAMP DEFAULT CURRENT_TIMESTAMP ON UPDATE CURRENT_TIMESTAMP);
CREATE TABLE seller_orders(seller_order_id INT AUTO_INCREMENT PRIMARY KEY, seller_order_global_id VARCHAR(60), marketplace_order_global_id VARCHAR(60), customer_global_id VARCHAR(40), customer_name VARCHAR(120), vehicle_code VARCHAR(50), qty INT, revenue BIGINT, unit_cost BIGINT, gross_profit BIGINT, order_status VARCHAR(40), shipment_status VARCHAR(40), created_at DATETIME);
CREATE TABLE seller_customers(customer_id INT AUTO_INCREMENT PRIMARY KEY, customer_global_id VARCHAR(40), customer_name VARCHAR(120), phone VARCHAR(40), city VARCHAR(80), total_spend BIGINT DEFAULT 0);
CREATE TABLE sales_recap(recap_id INT AUTO_INCREMENT PRIMARY KEY, recap_date DATE, vehicle_code VARCHAR(50), qty_sold INT, revenue BIGINT, cost BIGINT, gross_profit BIGINT);
CREATE TABLE restock_requests(restock_id VARCHAR(60) PRIMARY KEY, supplier_code VARCHAR(40), vehicle_code VARCHAR(50), qty INT, status VARCHAR(30), requested_at DATETIME);
CREATE TABLE seller_api_logs(log_id INT AUTO_INCREMENT PRIMARY KEY, endpoint VARCHAR(120), method VARCHAR(12), status_code INT, message VARCHAR(255), created_at DATETIME);

INSERT INTO seller_profile (seller_code, seller_name, city, pin_code, status, hero_text, brand_color) VALUES ('SELLER-HONDA', 'Honda Prospect Motor', 'Bandung', 'PIN-HONDA', 'ACTIVE', 'Seller resmi Honda untuk city car, SUV, dan kendaraan keluarga.', '#dc2626');
INSERT INTO vehicles (vehicle_code, seller_code, brand, model, vehicle_type, year, fuel_type, transmission, selling_price, unit_cost, image_path, status) VALUES ('CAR-HONDA-001', 'SELLER-HONDA', 'Honda', 'Brio Satya E CVT', 'City Car', 2024, 'Bensin', 'CVT', 198000000, 176000000, 'assets/cars/honda_brio.jpg', 'ACTIVE');
INSERT INTO seller_inventory (vehicle_code, stock_available, reserved_stock, warehouse) VALUES ('CAR-HONDA-001', 15, 0, 'Gudang Bandung');
INSERT INTO vehicles (vehicle_code, seller_code, brand, model, vehicle_type, year, fuel_type, transmission, selling_price, unit_cost, image_path, status) VALUES ('CAR-HONDA-002', 'SELLER-HONDA', 'Honda', 'CR-V Turbo Prestige', 'SUV', 2023, 'Bensin', 'Automatic', 739000000, 690000000, 'assets/cars/honda_brio.jpg', 'ACTIVE');
INSERT INTO seller_inventory (vehicle_code, stock_available, reserved_stock, warehouse) VALUES ('CAR-HONDA-002', 5, 0, 'Gudang Bandung');
INSERT INTO vehicles (vehicle_code, seller_code, brand, model, vehicle_type, year, fuel_type, transmission, selling_price, unit_cost, image_path, status) VALUES ('CAR-HONDA-003', 'SELLER-HONDA', 'Honda', 'HR-V RS Turbo', 'SUV Compact', 2024, 'Bensin', 'CVT', 540000000, 500000000, 'assets/cars/honda_brio.jpg', 'ACTIVE');
INSERT INTO seller_inventory (vehicle_code, stock_available, reserved_stock, warehouse) VALUES ('CAR-HONDA-003', 7, 0, 'Gudang Bandung');
INSERT INTO seller_orders (seller_order_global_id, marketplace_order_global_id, customer_global_id, customer_name, vehicle_code, qty, revenue, unit_cost, gross_profit, order_status, shipment_status, created_at) VALUES ('SO-ORD-MN-20260003', 'ORD-MN-20260003', 'CUST-0002', 'Soni Mahardika', 'CAR-HONDA-002', 1, 739000000, 690000000, 49000000, 'DELIVERED', 'DELIVERED', '2026-05-04 12:00:00');
INSERT INTO sales_recap (recap_date, vehicle_code, qty_sold, revenue, cost, gross_profit) VALUES ('2026-05-04', 'CAR-HONDA-002', 1, 739000000, 690000000, 49000000);
INSERT INTO seller_customers (customer_global_id, customer_name, phone, city, total_spend) VALUES ('CUST-0002', 'Soni Mahardika', '081200000002', 'Sleman', 739000000);
INSERT INTO seller_orders (seller_order_global_id, marketplace_order_global_id, customer_global_id, customer_name, vehicle_code, qty, revenue, unit_cost, gross_profit, order_status, shipment_status, created_at) VALUES ('SO-ORD-MN-20260010', 'ORD-MN-20260010', 'CUST-0007', 'Dimas Arya', 'CAR-HONDA-003', 1, 540000000, 500000000, 40000000, 'DELIVERED', 'DELIVERED', '2026-05-11 11:00:00');
INSERT INTO sales_recap (recap_date, vehicle_code, qty_sold, revenue, cost, gross_profit) VALUES ('2026-05-11', 'CAR-HONDA-003', 1, 540000000, 500000000, 40000000);
INSERT INTO seller_customers (customer_global_id, customer_name, phone, city, total_spend) VALUES ('CUST-0007', 'Dimas Arya', '081200000007', 'Bekasi', 540000000);
INSERT INTO seller_orders (seller_order_global_id, marketplace_order_global_id, customer_global_id, customer_name, vehicle_code, qty, revenue, unit_cost, gross_profit, order_status, shipment_status, created_at) VALUES ('SO-ORD-MN-20260012', 'ORD-MN-20260012', 'CUST-0005', 'Bima Saputra', 'CAR-HONDA-001', 1, 198000000, 176000000, 22000000, 'PAID', 'READY_TO_SHIP', '2026-05-13 13:00:00');
INSERT INTO sales_recap (recap_date, vehicle_code, qty_sold, revenue, cost, gross_profit) VALUES ('2026-05-13', 'CAR-HONDA-001', 1, 198000000, 176000000, 22000000);
INSERT INTO seller_customers (customer_global_id, customer_name, phone, city, total_spend) VALUES ('CUST-0005', 'Bima Saputra', '081200000005', 'Surabaya', 198000000);
INSERT INTO seller_orders (seller_order_global_id, marketplace_order_global_id, customer_global_id, customer_name, vehicle_code, qty, revenue, unit_cost, gross_profit, order_status, shipment_status, created_at) VALUES ('SO-ORD-MN-20260019', 'ORD-MN-20260019', 'CUST-0002', 'Soni Mahardika', 'CAR-HONDA-002', 1, 739000000, 690000000, 49000000, 'DELIVERED', 'DELIVERED', '2026-05-20 12:00:00');
INSERT INTO sales_recap (recap_date, vehicle_code, qty_sold, revenue, cost, gross_profit) VALUES ('2026-05-20', 'CAR-HONDA-002', 1, 739000000, 690000000, 49000000);
INSERT INTO seller_customers (customer_global_id, customer_name, phone, city, total_spend) VALUES ('CUST-0002', 'Soni Mahardika', '081200000002', 'Sleman', 739000000);
INSERT INTO seller_orders (seller_order_global_id, marketplace_order_global_id, customer_global_id, customer_name, vehicle_code, qty, revenue, unit_cost, gross_profit, order_status, shipment_status, created_at) VALUES ('SO-ORD-MN-20260026', 'ORD-MN-20260026', 'CUST-0007', 'Dimas Arya', 'CAR-HONDA-003', 1, 540000000, 500000000, 40000000, 'SHIPPED', 'ON_DELIVERY', '2026-05-03 11:00:00');
INSERT INTO sales_recap (recap_date, vehicle_code, qty_sold, revenue, cost, gross_profit) VALUES ('2026-05-03', 'CAR-HONDA-003', 1, 540000000, 500000000, 40000000);
INSERT INTO seller_customers (customer_global_id, customer_name, phone, city, total_spend) VALUES ('CUST-0007', 'Dimas Arya', '081200000007', 'Bekasi', 540000000);
INSERT INTO seller_orders (seller_order_global_id, marketplace_order_global_id, customer_global_id, customer_name, vehicle_code, qty, revenue, unit_cost, gross_profit, order_status, shipment_status, created_at) VALUES ('SO-ORD-MN-20260028', 'ORD-MN-20260028', 'CUST-0005', 'Bima Saputra', 'CAR-HONDA-001', 1, 198000000, 176000000, 22000000, 'DELIVERED', 'DELIVERED', '2026-05-05 13:00:00');
INSERT INTO sales_recap (recap_date, vehicle_code, qty_sold, revenue, cost, gross_profit) VALUES ('2026-05-05', 'CAR-HONDA-001', 1, 198000000, 176000000, 22000000);
INSERT INTO seller_customers (customer_global_id, customer_name, phone, city, total_spend) VALUES ('CUST-0005', 'Bima Saputra', '081200000005', 'Surabaya', 198000000);
INSERT INTO seller_orders (seller_order_global_id, marketplace_order_global_id, customer_global_id, customer_name, vehicle_code, qty, revenue, unit_cost, gross_profit, order_status, shipment_status, created_at) VALUES ('SO-ORD-MN-20260035', 'ORD-MN-20260035', 'CUST-0002', 'Soni Mahardika', 'CAR-HONDA-002', 1, 739000000, 690000000, 49000000, 'DELIVERED', 'DELIVERED', '2026-05-12 12:00:00');
INSERT INTO sales_recap (recap_date, vehicle_code, qty_sold, revenue, cost, gross_profit) VALUES ('2026-05-12', 'CAR-HONDA-002', 1, 739000000, 690000000, 49000000);
INSERT INTO seller_customers (customer_global_id, customer_name, phone, city, total_spend) VALUES ('CUST-0002', 'Soni Mahardika', '081200000002', 'Sleman', 739000000);
INSERT INTO seller_orders (seller_order_global_id, marketplace_order_global_id, customer_global_id, customer_name, vehicle_code, qty, revenue, unit_cost, gross_profit, order_status, shipment_status, created_at) VALUES ('SO-ORD-MN-20260042', 'ORD-MN-20260042', 'CUST-0007', 'Dimas Arya', 'CAR-HONDA-003', 1, 540000000, 500000000, 40000000, 'PAID', 'READY_TO_SHIP', '2026-05-19 11:00:00');
INSERT INTO sales_recap (recap_date, vehicle_code, qty_sold, revenue, cost, gross_profit) VALUES ('2026-05-19', 'CAR-HONDA-003', 1, 540000000, 500000000, 40000000);
INSERT INTO seller_customers (customer_global_id, customer_name, phone, city, total_spend) VALUES ('CUST-0007', 'Dimas Arya', '081200000007', 'Bekasi', 540000000);
INSERT INTO seller_orders (seller_order_global_id, marketplace_order_global_id, customer_global_id, customer_name, vehicle_code, qty, revenue, unit_cost, gross_profit, order_status, shipment_status, created_at) VALUES ('SO-ORD-MN-20260044', 'ORD-MN-20260044', 'CUST-0005', 'Bima Saputra', 'CAR-HONDA-001', 1, 198000000, 176000000, 22000000, 'DELIVERED', 'DELIVERED', '2026-05-21 13:00:00');
INSERT INTO sales_recap (recap_date, vehicle_code, qty_sold, revenue, cost, gross_profit) VALUES ('2026-05-21', 'CAR-HONDA-001', 1, 198000000, 176000000, 22000000);
INSERT INTO seller_customers (customer_global_id, customer_name, phone, city, total_spend) VALUES ('CUST-0005', 'Bima Saputra', '081200000005', 'Surabaya', 198000000);
INSERT INTO seller_orders (seller_order_global_id, marketplace_order_global_id, customer_global_id, customer_name, vehicle_code, qty, revenue, unit_cost, gross_profit, order_status, shipment_status, created_at) VALUES ('SO-ORD-MN-20260051', 'ORD-MN-20260051', 'CUST-0002', 'Soni Mahardika', 'CAR-HONDA-002', 1, 739000000, 690000000, 49000000, 'SHIPPED', 'ON_DELIVERY', '2026-05-04 12:00:00');
INSERT INTO sales_recap (recap_date, vehicle_code, qty_sold, revenue, cost, gross_profit) VALUES ('2026-05-04', 'CAR-HONDA-002', 1, 739000000, 690000000, 49000000);
INSERT INTO seller_customers (customer_global_id, customer_name, phone, city, total_spend) VALUES ('CUST-0002', 'Soni Mahardika', '081200000002', 'Sleman', 739000000);
INSERT INTO seller_orders (seller_order_global_id, marketplace_order_global_id, customer_global_id, customer_name, vehicle_code, qty, revenue, unit_cost, gross_profit, order_status, shipment_status, created_at) VALUES ('SO-ORD-MN-20260058', 'ORD-MN-20260058', 'CUST-0007', 'Dimas Arya', 'CAR-HONDA-003', 1, 540000000, 500000000, 40000000, 'DELIVERED', 'DELIVERED', '2026-05-11 11:00:00');
INSERT INTO sales_recap (recap_date, vehicle_code, qty_sold, revenue, cost, gross_profit) VALUES ('2026-05-11', 'CAR-HONDA-003', 1, 540000000, 500000000, 40000000);
INSERT INTO seller_customers (customer_global_id, customer_name, phone, city, total_spend) VALUES ('CUST-0007', 'Dimas Arya', '081200000007', 'Bekasi', 540000000);
INSERT INTO seller_orders (seller_order_global_id, marketplace_order_global_id, customer_global_id, customer_name, vehicle_code, qty, revenue, unit_cost, gross_profit, order_status, shipment_status, created_at) VALUES ('SO-ORD-MN-20260060', 'ORD-MN-20260060', 'CUST-0005', 'Bima Saputra', 'CAR-HONDA-001', 1, 198000000, 176000000, 22000000, 'DELIVERED', 'DELIVERED', '2026-05-13 13:00:00');
INSERT INTO sales_recap (recap_date, vehicle_code, qty_sold, revenue, cost, gross_profit) VALUES ('2026-05-13', 'CAR-HONDA-001', 1, 198000000, 176000000, 22000000);
INSERT INTO seller_customers (customer_global_id, customer_name, phone, city, total_spend) VALUES ('CUST-0005', 'Bima Saputra', '081200000005', 'Surabaya', 198000000);
INSERT INTO restock_requests (restock_id, supplier_code, vehicle_code, qty, status, requested_at) VALUES ('RST-HONDA-001', 'SUP-JDM', 'CAR-HONDA-001', 6, 'APPROVED', '2026-05-20 10:00:00');
INSERT INTO restock_requests (restock_id, supplier_code, vehicle_code, qty, status, requested_at) VALUES ('RST-HONDA-002', 'SUP-EV', 'CAR-HONDA-002', 7, 'PENDING', '2026-05-20 10:00:00');
INSERT INTO seller_api_logs (endpoint, method, status_code, message, created_at) VALUES ('/seller/inventory', 'GET', 200, 'Inventory loaded', '2026-05-20 11:00:00');
CREATE DATABASE seller_mitsubishi_db CHARACTER SET utf8mb4 COLLATE utf8mb4_unicode_ci;
USE seller_mitsubishi_db;

CREATE TABLE seller_profile(seller_code VARCHAR(40) PRIMARY KEY, seller_name VARCHAR(160), city VARCHAR(80), pin_code VARCHAR(40), status VARCHAR(20), hero_text TEXT, brand_color VARCHAR(20));
CREATE TABLE vehicles(vehicle_code VARCHAR(50) PRIMARY KEY, seller_code VARCHAR(40), brand VARCHAR(60), model VARCHAR(140), vehicle_type VARCHAR(60), year INT, fuel_type VARCHAR(40), transmission VARCHAR(40), selling_price BIGINT, unit_cost BIGINT, image_path VARCHAR(255), status VARCHAR(20));
CREATE TABLE seller_inventory(inventory_id INT AUTO_INCREMENT PRIMARY KEY, vehicle_code VARCHAR(50), stock_available INT, reserved_stock INT DEFAULT 0, warehouse VARCHAR(120), last_updated TIMESTAMP DEFAULT CURRENT_TIMESTAMP ON UPDATE CURRENT_TIMESTAMP);
CREATE TABLE seller_orders(seller_order_id INT AUTO_INCREMENT PRIMARY KEY, seller_order_global_id VARCHAR(60), marketplace_order_global_id VARCHAR(60), customer_global_id VARCHAR(40), customer_name VARCHAR(120), vehicle_code VARCHAR(50), qty INT, revenue BIGINT, unit_cost BIGINT, gross_profit BIGINT, order_status VARCHAR(40), shipment_status VARCHAR(40), created_at DATETIME);
CREATE TABLE seller_customers(customer_id INT AUTO_INCREMENT PRIMARY KEY, customer_global_id VARCHAR(40), customer_name VARCHAR(120), phone VARCHAR(40), city VARCHAR(80), total_spend BIGINT DEFAULT 0);
CREATE TABLE sales_recap(recap_id INT AUTO_INCREMENT PRIMARY KEY, recap_date DATE, vehicle_code VARCHAR(50), qty_sold INT, revenue BIGINT, cost BIGINT, gross_profit BIGINT);
CREATE TABLE restock_requests(restock_id VARCHAR(60) PRIMARY KEY, supplier_code VARCHAR(40), vehicle_code VARCHAR(50), qty INT, status VARCHAR(30), requested_at DATETIME);
CREATE TABLE seller_api_logs(log_id INT AUTO_INCREMENT PRIMARY KEY, endpoint VARCHAR(120), method VARCHAR(12), status_code INT, message VARCHAR(255), created_at DATETIME);

INSERT INTO seller_profile (seller_code, seller_name, city, pin_code, status, hero_text, brand_color) VALUES ('SELLER-MITSUBISHI', 'Mitsubishi Motors Krama Yudha', 'Surabaya', 'PIN-MITSU', 'ACTIVE', 'Seller Mitsubishi dengan fokus MPV, SUV, dan kendaraan tangguh.', '#7c3aed');
INSERT INTO vehicles (vehicle_code, seller_code, brand, model, vehicle_type, year, fuel_type, transmission, selling_price, unit_cost, image_path, status) VALUES ('CAR-MITSU-001', 'SELLER-MITSUBISHI', 'Mitsubishi', 'Xpander Ultimate CVT', 'MPV', 2024, 'Bensin', 'CVT', 335000000, 305000000, 'assets/cars/mitsubishi_xpander.jpg', 'ACTIVE');
INSERT INTO seller_inventory (vehicle_code, stock_available, reserved_stock, warehouse) VALUES ('CAR-MITSU-001', 10, 0, 'Gudang Surabaya');
INSERT INTO vehicles (vehicle_code, seller_code, brand, model, vehicle_type, year, fuel_type, transmission, selling_price, unit_cost, image_path, status) VALUES ('CAR-MITSU-002', 'SELLER-MITSUBISHI', 'Mitsubishi', 'Pajero Sport Dakar', 'SUV', 2023, 'Diesel', 'Automatic', 705000000, 650000000, 'assets/cars/mitsubishi_xpander.jpg', 'ACTIVE');
INSERT INTO seller_inventory (vehicle_code, stock_available, reserved_stock, warehouse) VALUES ('CAR-MITSU-002', 4, 0, 'Gudang Surabaya');
INSERT INTO vehicles (vehicle_code, seller_code, brand, model, vehicle_type, year, fuel_type, transmission, selling_price, unit_cost, image_path, status) VALUES ('CAR-MITSU-003', 'SELLER-MITSUBISHI', 'Mitsubishi', 'Xforce Ultimate', 'SUV Compact', 2024, 'Bensin', 'CVT', 414000000, 380000000, 'assets/cars/mitsubishi_xpander.jpg', 'ACTIVE');
INSERT INTO seller_inventory (vehicle_code, stock_available, reserved_stock, warehouse) VALUES ('CAR-MITSU-003', 6, 0, 'Gudang Surabaya');
INSERT INTO seller_orders (seller_order_global_id, marketplace_order_global_id, customer_global_id, customer_name, vehicle_code, qty, revenue, unit_cost, gross_profit, order_status, shipment_status, created_at) VALUES ('SO-ORD-MN-20260001', 'ORD-MN-20260001', 'CUST-0004', 'Nadia Putri', 'CAR-MITSU-001', 1, 335000000, 305000000, 30000000, 'SHIPPED', 'ON_DELIVERY', '2026-05-02 10:00:00');
INSERT INTO sales_recap (recap_date, vehicle_code, qty_sold, revenue, cost, gross_profit) VALUES ('2026-05-02', 'CAR-MITSU-001', 1, 335000000, 305000000, 30000000);
INSERT INTO seller_customers (customer_global_id, customer_name, phone, city, total_spend) VALUES ('CUST-0004', 'Nadia Putri', '081200000004', 'Bandung', 335000000);
INSERT INTO seller_orders (seller_order_global_id, marketplace_order_global_id, customer_global_id, customer_name, vehicle_code, qty, revenue, unit_cost, gross_profit, order_status, shipment_status, created_at) VALUES ('SO-ORD-MN-20260008', 'ORD-MN-20260008', 'CUST-0001', 'Anne Melanika', 'CAR-MITSU-002', 1, 705000000, 650000000, 55000000, 'DELIVERED', 'DELIVERED', '2026-05-09 09:00:00');
INSERT INTO sales_recap (recap_date, vehicle_code, qty_sold, revenue, cost, gross_profit) VALUES ('2026-05-09', 'CAR-MITSU-002', 1, 705000000, 650000000, 55000000);
INSERT INTO seller_customers (customer_global_id, customer_name, phone, city, total_spend) VALUES ('CUST-0001', 'Anne Melanika', '081200000001', 'Yogyakarta', 705000000);
INSERT INTO seller_orders (seller_order_global_id, marketplace_order_global_id, customer_global_id, customer_name, vehicle_code, qty, revenue, unit_cost, gross_profit, order_status, shipment_status, created_at) VALUES ('SO-ORD-MN-20260015', 'ORD-MN-20260015', 'CUST-0006', 'Citra Lestari', 'CAR-MITSU-003', 1, 414000000, 380000000, 34000000, 'DELIVERED', 'DELIVERED', '2026-05-16 16:00:00');
INSERT INTO sales_recap (recap_date, vehicle_code, qty_sold, revenue, cost, gross_profit) VALUES ('2026-05-16', 'CAR-MITSU-003', 1, 414000000, 380000000, 34000000);
INSERT INTO seller_customers (customer_global_id, customer_name, phone, city, total_spend) VALUES ('CUST-0006', 'Citra Lestari', '081200000006', 'Semarang', 414000000);
INSERT INTO seller_orders (seller_order_global_id, marketplace_order_global_id, customer_global_id, customer_name, vehicle_code, qty, revenue, unit_cost, gross_profit, order_status, shipment_status, created_at) VALUES ('SO-ORD-MN-20260017', 'ORD-MN-20260017', 'CUST-0004', 'Nadia Putri', 'CAR-MITSU-001', 1, 335000000, 305000000, 30000000, 'PAID', 'READY_TO_SHIP', '2026-05-18 10:00:00');
INSERT INTO sales_recap (recap_date, vehicle_code, qty_sold, revenue, cost, gross_profit) VALUES ('2026-05-18', 'CAR-MITSU-001', 1, 335000000, 305000000, 30000000);
INSERT INTO seller_customers (customer_global_id, customer_name, phone, city, total_spend) VALUES ('CUST-0004', 'Nadia Putri', '081200000004', 'Bandung', 335000000);
INSERT INTO seller_orders (seller_order_global_id, marketplace_order_global_id, customer_global_id, customer_name, vehicle_code, qty, revenue, unit_cost, gross_profit, order_status, shipment_status, created_at) VALUES ('SO-ORD-MN-20260024', 'ORD-MN-20260024', 'CUST-0001', 'Anne Melanika', 'CAR-MITSU-002', 1, 705000000, 650000000, 55000000, 'DELIVERED', 'DELIVERED', '2026-05-01 09:00:00');
INSERT INTO sales_recap (recap_date, vehicle_code, qty_sold, revenue, cost, gross_profit) VALUES ('2026-05-01', 'CAR-MITSU-002', 1, 705000000, 650000000, 55000000);
INSERT INTO seller_customers (customer_global_id, customer_name, phone, city, total_spend) VALUES ('CUST-0001', 'Anne Melanika', '081200000001', 'Yogyakarta', 705000000);
INSERT INTO seller_orders (seller_order_global_id, marketplace_order_global_id, customer_global_id, customer_name, vehicle_code, qty, revenue, unit_cost, gross_profit, order_status, shipment_status, created_at) VALUES ('SO-ORD-MN-20260031', 'ORD-MN-20260031', 'CUST-0006', 'Citra Lestari', 'CAR-MITSU-003', 1, 414000000, 380000000, 34000000, 'SHIPPED', 'ON_DELIVERY', '2026-05-08 16:00:00');
INSERT INTO sales_recap (recap_date, vehicle_code, qty_sold, revenue, cost, gross_profit) VALUES ('2026-05-08', 'CAR-MITSU-003', 1, 414000000, 380000000, 34000000);
INSERT INTO seller_customers (customer_global_id, customer_name, phone, city, total_spend) VALUES ('CUST-0006', 'Citra Lestari', '081200000006', 'Semarang', 414000000);
INSERT INTO seller_orders (seller_order_global_id, marketplace_order_global_id, customer_global_id, customer_name, vehicle_code, qty, revenue, unit_cost, gross_profit, order_status, shipment_status, created_at) VALUES ('SO-ORD-MN-20260033', 'ORD-MN-20260033', 'CUST-0004', 'Nadia Putri', 'CAR-MITSU-001', 1, 335000000, 305000000, 30000000, 'DELIVERED', 'DELIVERED', '2026-05-10 10:00:00');
INSERT INTO sales_recap (recap_date, vehicle_code, qty_sold, revenue, cost, gross_profit) VALUES ('2026-05-10', 'CAR-MITSU-001', 1, 335000000, 305000000, 30000000);
INSERT INTO seller_customers (customer_global_id, customer_name, phone, city, total_spend) VALUES ('CUST-0004', 'Nadia Putri', '081200000004', 'Bandung', 335000000);
INSERT INTO seller_orders (seller_order_global_id, marketplace_order_global_id, customer_global_id, customer_name, vehicle_code, qty, revenue, unit_cost, gross_profit, order_status, shipment_status, created_at) VALUES ('SO-ORD-MN-20260040', 'ORD-MN-20260040', 'CUST-0001', 'Anne Melanika', 'CAR-MITSU-002', 1, 705000000, 650000000, 55000000, 'DELIVERED', 'DELIVERED', '2026-05-17 09:00:00');
INSERT INTO sales_recap (recap_date, vehicle_code, qty_sold, revenue, cost, gross_profit) VALUES ('2026-05-17', 'CAR-MITSU-002', 1, 705000000, 650000000, 55000000);
INSERT INTO seller_customers (customer_global_id, customer_name, phone, city, total_spend) VALUES ('CUST-0001', 'Anne Melanika', '081200000001', 'Yogyakarta', 705000000);
INSERT INTO seller_orders (seller_order_global_id, marketplace_order_global_id, customer_global_id, customer_name, vehicle_code, qty, revenue, unit_cost, gross_profit, order_status, shipment_status, created_at) VALUES ('SO-ORD-MN-20260047', 'ORD-MN-20260047', 'CUST-0006', 'Citra Lestari', 'CAR-MITSU-003', 1, 414000000, 380000000, 34000000, 'PAID', 'READY_TO_SHIP', '2026-05-24 16:00:00');
INSERT INTO sales_recap (recap_date, vehicle_code, qty_sold, revenue, cost, gross_profit) VALUES ('2026-05-24', 'CAR-MITSU-003', 1, 414000000, 380000000, 34000000);
INSERT INTO seller_customers (customer_global_id, customer_name, phone, city, total_spend) VALUES ('CUST-0006', 'Citra Lestari', '081200000006', 'Semarang', 414000000);
INSERT INTO seller_orders (seller_order_global_id, marketplace_order_global_id, customer_global_id, customer_name, vehicle_code, qty, revenue, unit_cost, gross_profit, order_status, shipment_status, created_at) VALUES ('SO-ORD-MN-20260049', 'ORD-MN-20260049', 'CUST-0004', 'Nadia Putri', 'CAR-MITSU-001', 1, 335000000, 305000000, 30000000, 'DELIVERED', 'DELIVERED', '2026-05-02 10:00:00');
INSERT INTO sales_recap (recap_date, vehicle_code, qty_sold, revenue, cost, gross_profit) VALUES ('2026-05-02', 'CAR-MITSU-001', 1, 335000000, 305000000, 30000000);
INSERT INTO seller_customers (customer_global_id, customer_name, phone, city, total_spend) VALUES ('CUST-0004', 'Nadia Putri', '081200000004', 'Bandung', 335000000);
INSERT INTO seller_orders (seller_order_global_id, marketplace_order_global_id, customer_global_id, customer_name, vehicle_code, qty, revenue, unit_cost, gross_profit, order_status, shipment_status, created_at) VALUES ('SO-ORD-MN-20260056', 'ORD-MN-20260056', 'CUST-0001', 'Anne Melanika', 'CAR-MITSU-002', 1, 705000000, 650000000, 55000000, 'SHIPPED', 'ON_DELIVERY', '2026-05-09 09:00:00');
INSERT INTO sales_recap (recap_date, vehicle_code, qty_sold, revenue, cost, gross_profit) VALUES ('2026-05-09', 'CAR-MITSU-002', 1, 705000000, 650000000, 55000000);
INSERT INTO seller_customers (customer_global_id, customer_name, phone, city, total_spend) VALUES ('CUST-0001', 'Anne Melanika', '081200000001', 'Yogyakarta', 705000000);
INSERT INTO restock_requests (restock_id, supplier_code, vehicle_code, qty, status, requested_at) VALUES ('RST-MITSUBISHI-001', 'SUP-JDM', 'CAR-MITSU-001', 6, 'APPROVED', '2026-05-20 10:00:00');
INSERT INTO restock_requests (restock_id, supplier_code, vehicle_code, qty, status, requested_at) VALUES ('RST-MITSUBISHI-002', 'SUP-EV', 'CAR-MITSU-002', 7, 'PENDING', '2026-05-20 10:00:00');
INSERT INTO seller_api_logs (endpoint, method, status_code, message, created_at) VALUES ('/seller/inventory', 'GET', 200, 'Inventory loaded', '2026-05-20 11:00:00');
CREATE DATABASE seller_hyundai_db CHARACTER SET utf8mb4 COLLATE utf8mb4_unicode_ci;
USE seller_hyundai_db;

CREATE TABLE seller_profile(seller_code VARCHAR(40) PRIMARY KEY, seller_name VARCHAR(160), city VARCHAR(80), pin_code VARCHAR(40), status VARCHAR(20), hero_text TEXT, brand_color VARCHAR(20));
CREATE TABLE vehicles(vehicle_code VARCHAR(50) PRIMARY KEY, seller_code VARCHAR(40), brand VARCHAR(60), model VARCHAR(140), vehicle_type VARCHAR(60), year INT, fuel_type VARCHAR(40), transmission VARCHAR(40), selling_price BIGINT, unit_cost BIGINT, image_path VARCHAR(255), status VARCHAR(20));
CREATE TABLE seller_inventory(inventory_id INT AUTO_INCREMENT PRIMARY KEY, vehicle_code VARCHAR(50), stock_available INT, reserved_stock INT DEFAULT 0, warehouse VARCHAR(120), last_updated TIMESTAMP DEFAULT CURRENT_TIMESTAMP ON UPDATE CURRENT_TIMESTAMP);
CREATE TABLE seller_orders(seller_order_id INT AUTO_INCREMENT PRIMARY KEY, seller_order_global_id VARCHAR(60), marketplace_order_global_id VARCHAR(60), customer_global_id VARCHAR(40), customer_name VARCHAR(120), vehicle_code VARCHAR(50), qty INT, revenue BIGINT, unit_cost BIGINT, gross_profit BIGINT, order_status VARCHAR(40), shipment_status VARCHAR(40), created_at DATETIME);
CREATE TABLE seller_customers(customer_id INT AUTO_INCREMENT PRIMARY KEY, customer_global_id VARCHAR(40), customer_name VARCHAR(120), phone VARCHAR(40), city VARCHAR(80), total_spend BIGINT DEFAULT 0);
CREATE TABLE sales_recap(recap_id INT AUTO_INCREMENT PRIMARY KEY, recap_date DATE, vehicle_code VARCHAR(50), qty_sold INT, revenue BIGINT, cost BIGINT, gross_profit BIGINT);
CREATE TABLE restock_requests(restock_id VARCHAR(60) PRIMARY KEY, supplier_code VARCHAR(40), vehicle_code VARCHAR(50), qty INT, status VARCHAR(30), requested_at DATETIME);
CREATE TABLE seller_api_logs(log_id INT AUTO_INCREMENT PRIMARY KEY, endpoint VARCHAR(120), method VARCHAR(12), status_code INT, message VARCHAR(255), created_at DATETIME);

INSERT INTO seller_profile (seller_code, seller_name, city, pin_code, status, hero_text, brand_color) VALUES ('SELLER-HYUNDAI', 'Hyundai Motors Indonesia', 'Tangerang', 'PIN-HYUNDAI', 'ACTIVE', 'Seller Hyundai untuk kendaraan modern, EV, dan keluarga urban.', '#0891b2');
INSERT INTO vehicles (vehicle_code, seller_code, brand, model, vehicle_type, year, fuel_type, transmission, selling_price, unit_cost, image_path, status) VALUES ('CAR-HYUNDAI-001', 'SELLER-HYUNDAI', 'Hyundai', 'Ioniq 5 Signature', 'EV', 2024, 'Listrik', 'Automatic', 782000000, 720000000, 'assets/cars/hyundai_ioniq5.jpg', 'ACTIVE');
INSERT INTO seller_inventory (vehicle_code, stock_available, reserved_stock, warehouse) VALUES ('CAR-HYUNDAI-001', 5, 0, 'Gudang Tangerang');
INSERT INTO vehicles (vehicle_code, seller_code, brand, model, vehicle_type, year, fuel_type, transmission, selling_price, unit_cost, image_path, status) VALUES ('CAR-HYUNDAI-002', 'SELLER-HYUNDAI', 'Hyundai', 'Stargazer Prime', 'MPV', 2024, 'Bensin', 'IVT', 315000000, 288000000, 'assets/cars/hyundai_ioniq5.jpg', 'ACTIVE');
INSERT INTO seller_inventory (vehicle_code, stock_available, reserved_stock, warehouse) VALUES ('CAR-HYUNDAI-002', 9, 0, 'Gudang Tangerang');
INSERT INTO seller_orders (seller_order_global_id, marketplace_order_global_id, customer_global_id, customer_name, vehicle_code, qty, revenue, unit_cost, gross_profit, order_status, shipment_status, created_at) VALUES ('SO-ORD-MN-20260006', 'ORD-MN-20260006', 'CUST-0003', 'Raka Pratama', 'CAR-HYUNDAI-001', 1, 782000000, 720000000, 62000000, 'SHIPPED', 'ON_DELIVERY', '2026-05-07 15:00:00');
INSERT INTO sales_recap (recap_date, vehicle_code, qty_sold, revenue, cost, gross_profit) VALUES ('2026-05-07', 'CAR-HYUNDAI-001', 1, 782000000, 720000000, 62000000);
INSERT INTO seller_customers (customer_global_id, customer_name, phone, city, total_spend) VALUES ('CUST-0003', 'Raka Pratama', '081200000003', 'Jakarta', 782000000);
INSERT INTO seller_orders (seller_order_global_id, marketplace_order_global_id, customer_global_id, customer_name, vehicle_code, qty, revenue, unit_cost, gross_profit, order_status, shipment_status, created_at) VALUES ('SO-ORD-MN-20260013', 'ORD-MN-20260013', 'CUST-0008', 'Farah Amalia', 'CAR-HYUNDAI-002', 1, 315000000, 288000000, 27000000, 'DELIVERED', 'DELIVERED', '2026-05-14 14:00:00');
INSERT INTO sales_recap (recap_date, vehicle_code, qty_sold, revenue, cost, gross_profit) VALUES ('2026-05-14', 'CAR-HYUNDAI-002', 1, 315000000, 288000000, 27000000);
INSERT INTO seller_customers (customer_global_id, customer_name, phone, city, total_spend) VALUES ('CUST-0008', 'Farah Amalia', '081200000008', 'Tangerang', 315000000);
INSERT INTO seller_orders (seller_order_global_id, marketplace_order_global_id, customer_global_id, customer_name, vehicle_code, qty, revenue, unit_cost, gross_profit, order_status, shipment_status, created_at) VALUES ('SO-ORD-MN-20260022', 'ORD-MN-20260022', 'CUST-0003', 'Raka Pratama', 'CAR-HYUNDAI-001', 1, 782000000, 720000000, 62000000, 'PAID', 'READY_TO_SHIP', '2026-05-23 15:00:00');
INSERT INTO sales_recap (recap_date, vehicle_code, qty_sold, revenue, cost, gross_profit) VALUES ('2026-05-23', 'CAR-HYUNDAI-001', 1, 782000000, 720000000, 62000000);
INSERT INTO seller_customers (customer_global_id, customer_name, phone, city, total_spend) VALUES ('CUST-0003', 'Raka Pratama', '081200000003', 'Jakarta', 782000000);
INSERT INTO seller_orders (seller_order_global_id, marketplace_order_global_id, customer_global_id, customer_name, vehicle_code, qty, revenue, unit_cost, gross_profit, order_status, shipment_status, created_at) VALUES ('SO-ORD-MN-20260029', 'ORD-MN-20260029', 'CUST-0008', 'Farah Amalia', 'CAR-HYUNDAI-002', 1, 315000000, 288000000, 27000000, 'DELIVERED', 'DELIVERED', '2026-05-06 14:00:00');
INSERT INTO sales_recap (recap_date, vehicle_code, qty_sold, revenue, cost, gross_profit) VALUES ('2026-05-06', 'CAR-HYUNDAI-002', 1, 315000000, 288000000, 27000000);
INSERT INTO seller_customers (customer_global_id, customer_name, phone, city, total_spend) VALUES ('CUST-0008', 'Farah Amalia', '081200000008', 'Tangerang', 315000000);
INSERT INTO seller_orders (seller_order_global_id, marketplace_order_global_id, customer_global_id, customer_name, vehicle_code, qty, revenue, unit_cost, gross_profit, order_status, shipment_status, created_at) VALUES ('SO-ORD-MN-20260038', 'ORD-MN-20260038', 'CUST-0003', 'Raka Pratama', 'CAR-HYUNDAI-001', 1, 782000000, 720000000, 62000000, 'DELIVERED', 'DELIVERED', '2026-05-15 15:00:00');
INSERT INTO sales_recap (recap_date, vehicle_code, qty_sold, revenue, cost, gross_profit) VALUES ('2026-05-15', 'CAR-HYUNDAI-001', 1, 782000000, 720000000, 62000000);
INSERT INTO seller_customers (customer_global_id, customer_name, phone, city, total_spend) VALUES ('CUST-0003', 'Raka Pratama', '081200000003', 'Jakarta', 782000000);
INSERT INTO seller_orders (seller_order_global_id, marketplace_order_global_id, customer_global_id, customer_name, vehicle_code, qty, revenue, unit_cost, gross_profit, order_status, shipment_status, created_at) VALUES ('SO-ORD-MN-20260045', 'ORD-MN-20260045', 'CUST-0008', 'Farah Amalia', 'CAR-HYUNDAI-002', 1, 315000000, 288000000, 27000000, 'DELIVERED', 'DELIVERED', '2026-05-22 14:00:00');
INSERT INTO sales_recap (recap_date, vehicle_code, qty_sold, revenue, cost, gross_profit) VALUES ('2026-05-22', 'CAR-HYUNDAI-002', 1, 315000000, 288000000, 27000000);
INSERT INTO seller_customers (customer_global_id, customer_name, phone, city, total_spend) VALUES ('CUST-0008', 'Farah Amalia', '081200000008', 'Tangerang', 315000000);
INSERT INTO seller_orders (seller_order_global_id, marketplace_order_global_id, customer_global_id, customer_name, vehicle_code, qty, revenue, unit_cost, gross_profit, order_status, shipment_status, created_at) VALUES ('SO-ORD-MN-20260054', 'ORD-MN-20260054', 'CUST-0003', 'Raka Pratama', 'CAR-HYUNDAI-001', 1, 782000000, 720000000, 62000000, 'DELIVERED', 'DELIVERED', '2026-05-07 15:00:00');
INSERT INTO sales_recap (recap_date, vehicle_code, qty_sold, revenue, cost, gross_profit) VALUES ('2026-05-07', 'CAR-HYUNDAI-001', 1, 782000000, 720000000, 62000000);
INSERT INTO seller_customers (customer_global_id, customer_name, phone, city, total_spend) VALUES ('CUST-0003', 'Raka Pratama', '081200000003', 'Jakarta', 782000000);
INSERT INTO restock_requests (restock_id, supplier_code, vehicle_code, qty, status, requested_at) VALUES ('RST-HYUNDAI-001', 'SUP-JDM', 'CAR-HYUNDAI-001', 6, 'APPROVED', '2026-05-20 10:00:00');
INSERT INTO restock_requests (restock_id, supplier_code, vehicle_code, qty, status, requested_at) VALUES ('RST-HYUNDAI-002', 'SUP-EV', 'CAR-HYUNDAI-002', 7, 'PENDING', '2026-05-20 10:00:00');
INSERT INTO seller_api_logs (endpoint, method, status_code, message, created_at) VALUES ('/seller/inventory', 'GET', 200, 'Inventory loaded', '2026-05-20 11:00:00');
CREATE DATABASE seller_suzuki_db CHARACTER SET utf8mb4 COLLATE utf8mb4_unicode_ci;
USE seller_suzuki_db;

CREATE TABLE seller_profile(seller_code VARCHAR(40) PRIMARY KEY, seller_name VARCHAR(160), city VARCHAR(80), pin_code VARCHAR(40), status VARCHAR(20), hero_text TEXT, brand_color VARCHAR(20));
CREATE TABLE vehicles(vehicle_code VARCHAR(50) PRIMARY KEY, seller_code VARCHAR(40), brand VARCHAR(60), model VARCHAR(140), vehicle_type VARCHAR(60), year INT, fuel_type VARCHAR(40), transmission VARCHAR(40), selling_price BIGINT, unit_cost BIGINT, image_path VARCHAR(255), status VARCHAR(20));
CREATE TABLE seller_inventory(inventory_id INT AUTO_INCREMENT PRIMARY KEY, vehicle_code VARCHAR(50), stock_available INT, reserved_stock INT DEFAULT 0, warehouse VARCHAR(120), last_updated TIMESTAMP DEFAULT CURRENT_TIMESTAMP ON UPDATE CURRENT_TIMESTAMP);
CREATE TABLE seller_orders(seller_order_id INT AUTO_INCREMENT PRIMARY KEY, seller_order_global_id VARCHAR(60), marketplace_order_global_id VARCHAR(60), customer_global_id VARCHAR(40), customer_name VARCHAR(120), vehicle_code VARCHAR(50), qty INT, revenue BIGINT, unit_cost BIGINT, gross_profit BIGINT, order_status VARCHAR(40), shipment_status VARCHAR(40), created_at DATETIME);
CREATE TABLE seller_customers(customer_id INT AUTO_INCREMENT PRIMARY KEY, customer_global_id VARCHAR(40), customer_name VARCHAR(120), phone VARCHAR(40), city VARCHAR(80), total_spend BIGINT DEFAULT 0);
CREATE TABLE sales_recap(recap_id INT AUTO_INCREMENT PRIMARY KEY, recap_date DATE, vehicle_code VARCHAR(50), qty_sold INT, revenue BIGINT, cost BIGINT, gross_profit BIGINT);
CREATE TABLE restock_requests(restock_id VARCHAR(60) PRIMARY KEY, supplier_code VARCHAR(40), vehicle_code VARCHAR(50), qty INT, status VARCHAR(30), requested_at DATETIME);
CREATE TABLE seller_api_logs(log_id INT AUTO_INCREMENT PRIMARY KEY, endpoint VARCHAR(120), method VARCHAR(12), status_code INT, message VARCHAR(255), created_at DATETIME);

INSERT INTO seller_profile (seller_code, seller_name, city, pin_code, status, hero_text, brand_color) VALUES ('SELLER-SUZUKI', 'Suzuki Indomobil Sales', 'Semarang', 'PIN-SUZUKI', 'ACTIVE', 'Seller Suzuki dengan pilihan MPV hybrid dan kendaraan ekonomis.', '#16a34a');
INSERT INTO vehicles (vehicle_code, seller_code, brand, model, vehicle_type, year, fuel_type, transmission, selling_price, unit_cost, image_path, status) VALUES ('CAR-SUZUKI-001', 'SELLER-SUZUKI', 'Suzuki', 'Ertiga Hybrid GX', 'MPV Hybrid', 2024, 'Hybrid', 'Automatic', 292000000, 265000000, 'assets/cars/suzuki_ertiga.jpg', 'ACTIVE');
INSERT INTO seller_inventory (vehicle_code, stock_available, reserved_stock, warehouse) VALUES ('CAR-SUZUKI-001', 11, 0, 'Gudang Semarang');
INSERT INTO vehicles (vehicle_code, seller_code, brand, model, vehicle_type, year, fuel_type, transmission, selling_price, unit_cost, image_path, status) VALUES ('CAR-SUZUKI-002', 'SELLER-SUZUKI', 'Suzuki', 'XL7 Alpha', 'SUV Compact', 2024, 'Bensin', 'Automatic', 305000000, 278000000, 'assets/cars/suzuki_ertiga.jpg', 'ACTIVE');
INSERT INTO seller_inventory (vehicle_code, stock_available, reserved_stock, warehouse) VALUES ('CAR-SUZUKI-002', 8, 0, 'Gudang Semarang');
INSERT INTO seller_orders (seller_order_global_id, marketplace_order_global_id, customer_global_id, customer_name, vehicle_code, qty, revenue, unit_cost, gross_profit, order_status, shipment_status, created_at) VALUES ('SO-ORD-MN-20260004', 'ORD-MN-20260004', 'CUST-0005', 'Bima Saputra', 'CAR-SUZUKI-001', 1, 292000000, 265000000, 27000000, 'DELIVERED', 'DELIVERED', '2026-05-05 13:00:00');
INSERT INTO sales_recap (recap_date, vehicle_code, qty_sold, revenue, cost, gross_profit) VALUES ('2026-05-05', 'CAR-SUZUKI-001', 1, 292000000, 265000000, 27000000);
INSERT INTO seller_customers (customer_global_id, customer_name, phone, city, total_spend) VALUES ('CUST-0005', 'Bima Saputra', '081200000005', 'Surabaya', 292000000);
INSERT INTO seller_orders (seller_order_global_id, marketplace_order_global_id, customer_global_id, customer_name, vehicle_code, qty, revenue, unit_cost, gross_profit, order_status, shipment_status, created_at) VALUES ('SO-ORD-MN-20260011', 'ORD-MN-20260011', 'CUST-0002', 'Soni Mahardika', 'CAR-SUZUKI-002', 1, 305000000, 278000000, 27000000, 'SHIPPED', 'ON_DELIVERY', '2026-05-12 12:00:00');
INSERT INTO sales_recap (recap_date, vehicle_code, qty_sold, revenue, cost, gross_profit) VALUES ('2026-05-12', 'CAR-SUZUKI-002', 1, 305000000, 278000000, 27000000);
INSERT INTO seller_customers (customer_global_id, customer_name, phone, city, total_spend) VALUES ('CUST-0002', 'Soni Mahardika', '081200000002', 'Sleman', 305000000);
INSERT INTO seller_orders (seller_order_global_id, marketplace_order_global_id, customer_global_id, customer_name, vehicle_code, qty, revenue, unit_cost, gross_profit, order_status, shipment_status, created_at) VALUES ('SO-ORD-MN-20260020', 'ORD-MN-20260020', 'CUST-0005', 'Bima Saputra', 'CAR-SUZUKI-001', 1, 292000000, 265000000, 27000000, 'DELIVERED', 'DELIVERED', '2026-05-21 13:00:00');
INSERT INTO sales_recap (recap_date, vehicle_code, qty_sold, revenue, cost, gross_profit) VALUES ('2026-05-21', 'CAR-SUZUKI-001', 1, 292000000, 265000000, 27000000);
INSERT INTO seller_customers (customer_global_id, customer_name, phone, city, total_spend) VALUES ('CUST-0005', 'Bima Saputra', '081200000005', 'Surabaya', 292000000);
INSERT INTO seller_orders (seller_order_global_id, marketplace_order_global_id, customer_global_id, customer_name, vehicle_code, qty, revenue, unit_cost, gross_profit, order_status, shipment_status, created_at) VALUES ('SO-ORD-MN-20260027', 'ORD-MN-20260027', 'CUST-0002', 'Soni Mahardika', 'CAR-SUZUKI-002', 1, 305000000, 278000000, 27000000, 'PAID', 'READY_TO_SHIP', '2026-05-04 12:00:00');
INSERT INTO sales_recap (recap_date, vehicle_code, qty_sold, revenue, cost, gross_profit) VALUES ('2026-05-04', 'CAR-SUZUKI-002', 1, 305000000, 278000000, 27000000);
INSERT INTO seller_customers (customer_global_id, customer_name, phone, city, total_spend) VALUES ('CUST-0002', 'Soni Mahardika', '081200000002', 'Sleman', 305000000);
INSERT INTO seller_orders (seller_order_global_id, marketplace_order_global_id, customer_global_id, customer_name, vehicle_code, qty, revenue, unit_cost, gross_profit, order_status, shipment_status, created_at) VALUES ('SO-ORD-MN-20260036', 'ORD-MN-20260036', 'CUST-0005', 'Bima Saputra', 'CAR-SUZUKI-001', 1, 292000000, 265000000, 27000000, 'SHIPPED', 'ON_DELIVERY', '2026-05-13 13:00:00');
INSERT INTO sales_recap (recap_date, vehicle_code, qty_sold, revenue, cost, gross_profit) VALUES ('2026-05-13', 'CAR-SUZUKI-001', 1, 292000000, 265000000, 27000000);
INSERT INTO seller_customers (customer_global_id, customer_name, phone, city, total_spend) VALUES ('CUST-0005', 'Bima Saputra', '081200000005', 'Surabaya', 292000000);
INSERT INTO seller_orders (seller_order_global_id, marketplace_order_global_id, customer_global_id, customer_name, vehicle_code, qty, revenue, unit_cost, gross_profit, order_status, shipment_status, created_at) VALUES ('SO-ORD-MN-20260043', 'ORD-MN-20260043', 'CUST-0002', 'Soni Mahardika', 'CAR-SUZUKI-002', 1, 305000000, 278000000, 27000000, 'DELIVERED', 'DELIVERED', '2026-05-20 12:00:00');
INSERT INTO sales_recap (recap_date, vehicle_code, qty_sold, revenue, cost, gross_profit) VALUES ('2026-05-20', 'CAR-SUZUKI-002', 1, 305000000, 278000000, 27000000);
INSERT INTO seller_customers (customer_global_id, customer_name, phone, city, total_spend) VALUES ('CUST-0002', 'Soni Mahardika', '081200000002', 'Sleman', 305000000);
INSERT INTO seller_orders (seller_order_global_id, marketplace_order_global_id, customer_global_id, customer_name, vehicle_code, qty, revenue, unit_cost, gross_profit, order_status, shipment_status, created_at) VALUES ('SO-ORD-MN-20260052', 'ORD-MN-20260052', 'CUST-0005', 'Bima Saputra', 'CAR-SUZUKI-001', 1, 292000000, 265000000, 27000000, 'PAID', 'READY_TO_SHIP', '2026-05-05 13:00:00');
INSERT INTO sales_recap (recap_date, vehicle_code, qty_sold, revenue, cost, gross_profit) VALUES ('2026-05-05', 'CAR-SUZUKI-001', 1, 292000000, 265000000, 27000000);
INSERT INTO seller_customers (customer_global_id, customer_name, phone, city, total_spend) VALUES ('CUST-0005', 'Bima Saputra', '081200000005', 'Surabaya', 292000000);
INSERT INTO seller_orders (seller_order_global_id, marketplace_order_global_id, customer_global_id, customer_name, vehicle_code, qty, revenue, unit_cost, gross_profit, order_status, shipment_status, created_at) VALUES ('SO-ORD-MN-20260059', 'ORD-MN-20260059', 'CUST-0002', 'Soni Mahardika', 'CAR-SUZUKI-002', 1, 305000000, 278000000, 27000000, 'DELIVERED', 'DELIVERED', '2026-05-12 12:00:00');
INSERT INTO sales_recap (recap_date, vehicle_code, qty_sold, revenue, cost, gross_profit) VALUES ('2026-05-12', 'CAR-SUZUKI-002', 1, 305000000, 278000000, 27000000);
INSERT INTO seller_customers (customer_global_id, customer_name, phone, city, total_spend) VALUES ('CUST-0002', 'Soni Mahardika', '081200000002', 'Sleman', 305000000);
INSERT INTO restock_requests (restock_id, supplier_code, vehicle_code, qty, status, requested_at) VALUES ('RST-SUZUKI-001', 'SUP-JDM', 'CAR-SUZUKI-001', 6, 'APPROVED', '2026-05-20 10:00:00');
INSERT INTO restock_requests (restock_id, supplier_code, vehicle_code, qty, status, requested_at) VALUES ('RST-SUZUKI-002', 'SUP-EV', 'CAR-SUZUKI-002', 7, 'PENDING', '2026-05-20 10:00:00');
INSERT INTO seller_api_logs (endpoint, method, status_code, message, created_at) VALUES ('/seller/inventory', 'GET', 200, 'Inventory loaded', '2026-05-20 11:00:00');
CREATE DATABASE seller_wuling_db CHARACTER SET utf8mb4 COLLATE utf8mb4_unicode_ci;
USE seller_wuling_db;

CREATE TABLE seller_profile(seller_code VARCHAR(40) PRIMARY KEY, seller_name VARCHAR(160), city VARCHAR(80), pin_code VARCHAR(40), status VARCHAR(20), hero_text TEXT, brand_color VARCHAR(20));
CREATE TABLE vehicles(vehicle_code VARCHAR(50) PRIMARY KEY, seller_code VARCHAR(40), brand VARCHAR(60), model VARCHAR(140), vehicle_type VARCHAR(60), year INT, fuel_type VARCHAR(40), transmission VARCHAR(40), selling_price BIGINT, unit_cost BIGINT, image_path VARCHAR(255), status VARCHAR(20));
CREATE TABLE seller_inventory(inventory_id INT AUTO_INCREMENT PRIMARY KEY, vehicle_code VARCHAR(50), stock_available INT, reserved_stock INT DEFAULT 0, warehouse VARCHAR(120), last_updated TIMESTAMP DEFAULT CURRENT_TIMESTAMP ON UPDATE CURRENT_TIMESTAMP);
CREATE TABLE seller_orders(seller_order_id INT AUTO_INCREMENT PRIMARY KEY, seller_order_global_id VARCHAR(60), marketplace_order_global_id VARCHAR(60), customer_global_id VARCHAR(40), customer_name VARCHAR(120), vehicle_code VARCHAR(50), qty INT, revenue BIGINT, unit_cost BIGINT, gross_profit BIGINT, order_status VARCHAR(40), shipment_status VARCHAR(40), created_at DATETIME);
CREATE TABLE seller_customers(customer_id INT AUTO_INCREMENT PRIMARY KEY, customer_global_id VARCHAR(40), customer_name VARCHAR(120), phone VARCHAR(40), city VARCHAR(80), total_spend BIGINT DEFAULT 0);
CREATE TABLE sales_recap(recap_id INT AUTO_INCREMENT PRIMARY KEY, recap_date DATE, vehicle_code VARCHAR(50), qty_sold INT, revenue BIGINT, cost BIGINT, gross_profit BIGINT);
CREATE TABLE restock_requests(restock_id VARCHAR(60) PRIMARY KEY, supplier_code VARCHAR(40), vehicle_code VARCHAR(50), qty INT, status VARCHAR(30), requested_at DATETIME);
CREATE TABLE seller_api_logs(log_id INT AUTO_INCREMENT PRIMARY KEY, endpoint VARCHAR(120), method VARCHAR(12), status_code INT, message VARCHAR(255), created_at DATETIME);

INSERT INTO seller_profile (seller_code, seller_name, city, pin_code, status, hero_text, brand_color) VALUES ('SELLER-WULING', 'Wuling Motors Indonesia', 'Bekasi', 'PIN-WULING', 'ACTIVE', 'Seller Wuling untuk kendaraan listrik dan SUV terjangkau.', '#ea580c');
INSERT INTO vehicles (vehicle_code, seller_code, brand, model, vehicle_type, year, fuel_type, transmission, selling_price, unit_cost, image_path, status) VALUES ('CAR-WULING-001', 'SELLER-WULING', 'Wuling', 'Air EV Long Range', 'EV', 2024, 'Listrik', 'Automatic', 299000000, 268000000, 'assets/cars/wuling_air_ev.jpg', 'ACTIVE');
INSERT INTO seller_inventory (vehicle_code, stock_available, reserved_stock, warehouse) VALUES ('CAR-WULING-001', 10, 0, 'Gudang Bekasi');
INSERT INTO vehicles (vehicle_code, seller_code, brand, model, vehicle_type, year, fuel_type, transmission, selling_price, unit_cost, image_path, status) VALUES ('CAR-WULING-002', 'SELLER-WULING', 'Wuling', 'Alvez EX', 'SUV Compact', 2024, 'Bensin', 'CVT', 295000000, 267000000, 'assets/cars/wuling_air_ev.jpg', 'ACTIVE');
INSERT INTO seller_inventory (vehicle_code, stock_available, reserved_stock, warehouse) VALUES ('CAR-WULING-002', 9, 0, 'Gudang Bekasi');
INSERT INTO seller_orders (seller_order_global_id, marketplace_order_global_id, customer_global_id, customer_name, vehicle_code, qty, revenue, unit_cost, gross_profit, order_status, shipment_status, created_at) VALUES ('SO-ORD-MN-20260002', 'ORD-MN-20260002', 'CUST-0007', 'Dimas Arya', 'CAR-WULING-001', 1, 299000000, 268000000, 31000000, 'PAID', 'READY_TO_SHIP', '2026-05-03 11:00:00');
INSERT INTO sales_recap (recap_date, vehicle_code, qty_sold, revenue, cost, gross_profit) VALUES ('2026-05-03', 'CAR-WULING-001', 1, 299000000, 268000000, 31000000);
INSERT INTO seller_customers (customer_global_id, customer_name, phone, city, total_spend) VALUES ('CUST-0007', 'Dimas Arya', '081200000007', 'Bekasi', 299000000);
INSERT INTO seller_orders (seller_order_global_id, marketplace_order_global_id, customer_global_id, customer_name, vehicle_code, qty, revenue, unit_cost, gross_profit, order_status, shipment_status, created_at) VALUES ('SO-ORD-MN-20260009', 'ORD-MN-20260009', 'CUST-0004', 'Nadia Putri', 'CAR-WULING-002', 1, 295000000, 267000000, 28000000, 'DELIVERED', 'DELIVERED', '2026-05-10 10:00:00');
INSERT INTO sales_recap (recap_date, vehicle_code, qty_sold, revenue, cost, gross_profit) VALUES ('2026-05-10', 'CAR-WULING-002', 1, 295000000, 267000000, 28000000);
INSERT INTO seller_customers (customer_global_id, customer_name, phone, city, total_spend) VALUES ('CUST-0004', 'Nadia Putri', '081200000004', 'Bandung', 295000000);
INSERT INTO seller_orders (seller_order_global_id, marketplace_order_global_id, customer_global_id, customer_name, vehicle_code, qty, revenue, unit_cost, gross_profit, order_status, shipment_status, created_at) VALUES ('SO-ORD-MN-20260018', 'ORD-MN-20260018', 'CUST-0007', 'Dimas Arya', 'CAR-WULING-001', 1, 299000000, 268000000, 31000000, 'DELIVERED', 'DELIVERED', '2026-05-19 11:00:00');
INSERT INTO sales_recap (recap_date, vehicle_code, qty_sold, revenue, cost, gross_profit) VALUES ('2026-05-19', 'CAR-WULING-001', 1, 299000000, 268000000, 31000000);
INSERT INTO seller_customers (customer_global_id, customer_name, phone, city, total_spend) VALUES ('CUST-0007', 'Dimas Arya', '081200000007', 'Bekasi', 299000000);
INSERT INTO seller_orders (seller_order_global_id, marketplace_order_global_id, customer_global_id, customer_name, vehicle_code, qty, revenue, unit_cost, gross_profit, order_status, shipment_status, created_at) VALUES ('SO-ORD-MN-20260025', 'ORD-MN-20260025', 'CUST-0004', 'Nadia Putri', 'CAR-WULING-002', 1, 295000000, 267000000, 28000000, 'DELIVERED', 'DELIVERED', '2026-05-02 10:00:00');
INSERT INTO sales_recap (recap_date, vehicle_code, qty_sold, revenue, cost, gross_profit) VALUES ('2026-05-02', 'CAR-WULING-002', 1, 295000000, 267000000, 28000000);
INSERT INTO seller_customers (customer_global_id, customer_name, phone, city, total_spend) VALUES ('CUST-0004', 'Nadia Putri', '081200000004', 'Bandung', 295000000);
INSERT INTO seller_orders (seller_order_global_id, marketplace_order_global_id, customer_global_id, customer_name, vehicle_code, qty, revenue, unit_cost, gross_profit, order_status, shipment_status, created_at) VALUES ('SO-ORD-MN-20260034', 'ORD-MN-20260034', 'CUST-0007', 'Dimas Arya', 'CAR-WULING-001', 1, 299000000, 268000000, 31000000, 'DELIVERED', 'DELIVERED', '2026-05-11 11:00:00');
INSERT INTO sales_recap (recap_date, vehicle_code, qty_sold, revenue, cost, gross_profit) VALUES ('2026-05-11', 'CAR-WULING-001', 1, 299000000, 268000000, 31000000);
INSERT INTO seller_customers (customer_global_id, customer_name, phone, city, total_spend) VALUES ('CUST-0007', 'Dimas Arya', '081200000007', 'Bekasi', 299000000);
INSERT INTO seller_orders (seller_order_global_id, marketplace_order_global_id, customer_global_id, customer_name, vehicle_code, qty, revenue, unit_cost, gross_profit, order_status, shipment_status, created_at) VALUES ('SO-ORD-MN-20260041', 'ORD-MN-20260041', 'CUST-0004', 'Nadia Putri', 'CAR-WULING-002', 1, 295000000, 267000000, 28000000, 'SHIPPED', 'ON_DELIVERY', '2026-05-18 10:00:00');
INSERT INTO sales_recap (recap_date, vehicle_code, qty_sold, revenue, cost, gross_profit) VALUES ('2026-05-18', 'CAR-WULING-002', 1, 295000000, 267000000, 28000000);
INSERT INTO seller_customers (customer_global_id, customer_name, phone, city, total_spend) VALUES ('CUST-0004', 'Nadia Putri', '081200000004', 'Bandung', 295000000);
INSERT INTO seller_orders (seller_order_global_id, marketplace_order_global_id, customer_global_id, customer_name, vehicle_code, qty, revenue, unit_cost, gross_profit, order_status, shipment_status, created_at) VALUES ('SO-ORD-MN-20260050', 'ORD-MN-20260050', 'CUST-0007', 'Dimas Arya', 'CAR-WULING-001', 1, 299000000, 268000000, 31000000, 'DELIVERED', 'DELIVERED', '2026-05-03 11:00:00');
INSERT INTO sales_recap (recap_date, vehicle_code, qty_sold, revenue, cost, gross_profit) VALUES ('2026-05-03', 'CAR-WULING-001', 1, 299000000, 268000000, 31000000);
INSERT INTO seller_customers (customer_global_id, customer_name, phone, city, total_spend) VALUES ('CUST-0007', 'Dimas Arya', '081200000007', 'Bekasi', 299000000);
INSERT INTO seller_orders (seller_order_global_id, marketplace_order_global_id, customer_global_id, customer_name, vehicle_code, qty, revenue, unit_cost, gross_profit, order_status, shipment_status, created_at) VALUES ('SO-ORD-MN-20260057', 'ORD-MN-20260057', 'CUST-0004', 'Nadia Putri', 'CAR-WULING-002', 1, 295000000, 267000000, 28000000, 'PAID', 'READY_TO_SHIP', '2026-05-10 10:00:00');
INSERT INTO sales_recap (recap_date, vehicle_code, qty_sold, revenue, cost, gross_profit) VALUES ('2026-05-10', 'CAR-WULING-002', 1, 295000000, 267000000, 28000000);
INSERT INTO seller_customers (customer_global_id, customer_name, phone, city, total_spend) VALUES ('CUST-0004', 'Nadia Putri', '081200000004', 'Bandung', 295000000);
INSERT INTO restock_requests (restock_id, supplier_code, vehicle_code, qty, status, requested_at) VALUES ('RST-WULING-001', 'SUP-JDM', 'CAR-WULING-001', 6, 'APPROVED', '2026-05-20 10:00:00');
INSERT INTO restock_requests (restock_id, supplier_code, vehicle_code, qty, status, requested_at) VALUES ('RST-WULING-002', 'SUP-EV', 'CAR-WULING-002', 7, 'PENDING', '2026-05-20 10:00:00');
INSERT INTO seller_api_logs (endpoint, method, status_code, message, created_at) VALUES ('/seller/inventory', 'GET', 200, 'Inventory loaded', '2026-05-20 11:00:00');

USE payment_gateway_db;
CREATE TABLE payment_providers(provider_code VARCHAR(40) PRIMARY KEY, provider_name VARCHAR(120), provider_type VARCHAR(80), status VARCHAR(20), brand_color VARCHAR(20));
CREATE TABLE payment_transactions(transaction_id INT AUTO_INCREMENT PRIMARY KEY, transaction_global_id VARCHAR(80), order_global_id VARCHAR(80), provider_code VARCHAR(40), customer_name VARCHAR(120), amount BIGINT, fee BIGINT, net_amount BIGINT, payment_status VARCHAR(30), risk_score INT, payment_channel VARCHAR(40), virtual_account VARCHAR(80), qris_code VARCHAR(120), customer_instruction TEXT, expires_at DATETIME, created_at DATETIME);
CREATE TABLE provider_settlements(settlement_id VARCHAR(60) PRIMARY KEY, provider_code VARCHAR(40), seller_code VARCHAR(40), gross_amount BIGINT, fee_amount BIGINT, net_settlement BIGINT, status VARCHAR(30), created_at DATETIME);
CREATE TABLE refunds(refund_id VARCHAR(60) PRIMARY KEY, order_global_id VARCHAR(80), provider_code VARCHAR(40), amount BIGINT, status VARCHAR(30), created_at DATETIME);
CREATE TABLE payment_logs(log_id INT AUTO_INCREMENT PRIMARY KEY, provider_code VARCHAR(40), endpoint VARCHAR(120), status_code INT, message VARCHAR(255), created_at DATETIME);

INSERT INTO payment_providers (provider_code, provider_name, provider_type, status, brand_color) VALUES ('FIN-DANA', 'DANA Digital Wallet', 'Wallet Payment', 'ACTIVE', '#2563eb');
INSERT INTO payment_providers (provider_code, provider_name, provider_type, status, brand_color) VALUES ('FIN-BANK', 'Bank Kirana Digital', 'Virtual Account', 'ACTIVE', '#16a34a');
INSERT INTO payment_providers (provider_code, provider_name, provider_type, status, brand_color) VALUES ('FIN-GOPAY', 'GoPay Financial Services', 'Mobile Payment', 'ACTIVE', '#06b6d4');
INSERT INTO payment_transactions (transaction_global_id, order_global_id, provider_code, customer_name, amount, fee, net_amount, payment_status, risk_score, created_at) VALUES ('TRX-FIN-BANK-00001', 'ORD-MN-20260001', 'FIN-BANK', 'Nadia Putri', 338500000, 5077500, 333422500, 'PAID', 65, '2026-05-02 10:02:00');
INSERT INTO provider_settlements (settlement_id, provider_code, seller_code, gross_amount, fee_amount, net_settlement, status, created_at) VALUES ('PSET-00001', 'FIN-BANK', 'SELLER-MITSUBISHI', 338500000, 5077500, 333422500, 'SETTLED', '2026-05-03 10:02:00');
INSERT INTO payment_transactions (transaction_global_id, order_global_id, provider_code, customer_name, amount, fee, net_amount, payment_status, risk_score, created_at) VALUES ('TRX-FIN-GOPAY-00002', 'ORD-MN-20260002', 'FIN-GOPAY', 'Dimas Arya', 302500000, 4537500, 297962500, 'PAID', 67, '2026-05-03 11:02:00');
INSERT INTO provider_settlements (settlement_id, provider_code, seller_code, gross_amount, fee_amount, net_settlement, status, created_at) VALUES ('PSET-00002', 'FIN-GOPAY', 'SELLER-WULING', 302500000, 4537500, 297962500, 'SETTLED', '2026-05-04 11:02:00');
INSERT INTO payment_transactions (transaction_global_id, order_global_id, provider_code, customer_name, amount, fee, net_amount, payment_status, risk_score, created_at) VALUES ('TRX-FIN-DANA-00003', 'ORD-MN-20260003', 'FIN-DANA', 'Soni Mahardika', 746500000, 11197500, 735302500, 'PAID', 65, '2026-05-04 12:02:00');
INSERT INTO provider_settlements (settlement_id, provider_code, seller_code, gross_amount, fee_amount, net_settlement, status, created_at) VALUES ('PSET-00003', 'FIN-DANA', 'SELLER-HONDA', 746500000, 11197500, 735302500, 'SETTLED', '2026-05-05 12:02:00');
INSERT INTO payment_transactions (transaction_global_id, order_global_id, provider_code, customer_name, amount, fee, net_amount, payment_status, risk_score, created_at) VALUES ('TRX-FIN-BANK-00004', 'ORD-MN-20260004', 'FIN-BANK', 'Bima Saputra', 295500000, 4432500, 291067500, 'PAID', 73, '2026-05-05 13:02:00');
INSERT INTO provider_settlements (settlement_id, provider_code, seller_code, gross_amount, fee_amount, net_settlement, status, created_at) VALUES ('PSET-00004', 'FIN-BANK', 'SELLER-SUZUKI', 295500000, 4432500, 291067500, 'PENDING', '2026-05-06 13:02:00');
INSERT INTO payment_transactions (transaction_global_id, order_global_id, provider_code, customer_name, amount, fee, net_amount, payment_status, risk_score, created_at) VALUES ('TRX-FIN-GOPAY-00005', 'ORD-MN-20260005', 'FIN-GOPAY', 'Farah Amalia', 306500000, 4597500, 301902500, 'PAID', 32, '2026-05-06 14:02:00');
INSERT INTO provider_settlements (settlement_id, provider_code, seller_code, gross_amount, fee_amount, net_settlement, status, created_at) VALUES ('PSET-00005', 'FIN-GOPAY', 'SELLER-A2000', 306500000, 4597500, 301902500, 'SETTLED', '2026-05-07 14:02:00');
INSERT INTO payment_transactions (transaction_global_id, order_global_id, provider_code, customer_name, amount, fee, net_amount, payment_status, risk_score, created_at) VALUES ('TRX-FIN-DANA-00006', 'ORD-MN-20260006', 'FIN-DANA', 'Raka Pratama', 789500000, 11842500, 777657500, 'PAID', 31, '2026-05-07 15:02:00');
INSERT INTO provider_settlements (settlement_id, provider_code, seller_code, gross_amount, fee_amount, net_settlement, status, created_at) VALUES ('PSET-00006', 'FIN-DANA', 'SELLER-HYUNDAI', 789500000, 11842500, 777657500, 'SETTLED', '2026-05-08 15:02:00');
INSERT INTO payment_transactions (transaction_global_id, order_global_id, provider_code, customer_name, amount, fee, net_amount, payment_status, risk_score, created_at) VALUES ('TRX-FIN-BANK-00007', 'ORD-MN-20260007', 'FIN-BANK', 'Citra Lestari', 627500000, 9412500, 618087500, 'PAID', 73, '2026-05-08 16:02:00');
INSERT INTO provider_settlements (settlement_id, provider_code, seller_code, gross_amount, fee_amount, net_settlement, status, created_at) VALUES ('PSET-00007', 'FIN-BANK', 'SELLER-A2000', 627500000, 9412500, 618087500, 'SETTLED', '2026-05-09 16:02:00');
INSERT INTO payment_transactions (transaction_global_id, order_global_id, provider_code, customer_name, amount, fee, net_amount, payment_status, risk_score, created_at) VALUES ('TRX-FIN-GOPAY-00008', 'ORD-MN-20260008', 'FIN-GOPAY', 'Anne Melanika', 708500000, 10627500, 697872500, 'PAID', 68, '2026-05-09 09:02:00');
INSERT INTO provider_settlements (settlement_id, provider_code, seller_code, gross_amount, fee_amount, net_settlement, status, created_at) VALUES ('PSET-00008', 'FIN-GOPAY', 'SELLER-MITSUBISHI', 708500000, 10627500, 697872500, 'PENDING', '2026-05-10 09:02:00');
INSERT INTO payment_transactions (transaction_global_id, order_global_id, provider_code, customer_name, amount, fee, net_amount, payment_status, risk_score, created_at) VALUES ('TRX-FIN-DANA-00009', 'ORD-MN-20260009', 'FIN-DANA', 'Nadia Putri', 302500000, 4537500, 297962500, 'PAID', 31, '2026-05-10 10:02:00');
INSERT INTO provider_settlements (settlement_id, provider_code, seller_code, gross_amount, fee_amount, net_settlement, status, created_at) VALUES ('PSET-00009', 'FIN-DANA', 'SELLER-WULING', 302500000, 4537500, 297962500, 'SETTLED', '2026-05-11 10:02:00');
INSERT INTO payment_transactions (transaction_global_id, order_global_id, provider_code, customer_name, amount, fee, net_amount, payment_status, risk_score, created_at) VALUES ('TRX-FIN-BANK-00010', 'ORD-MN-20260010', 'FIN-BANK', 'Dimas Arya', 542500000, 8137500, 534362500, 'PAID', 20, '2026-05-11 11:02:00');
INSERT INTO provider_settlements (settlement_id, provider_code, seller_code, gross_amount, fee_amount, net_settlement, status, created_at) VALUES ('PSET-00010', 'FIN-BANK', 'SELLER-HONDA', 542500000, 8137500, 534362500, 'SETTLED', '2026-05-12 11:02:00');
INSERT INTO payment_transactions (transaction_global_id, order_global_id, provider_code, customer_name, amount, fee, net_amount, payment_status, risk_score, created_at) VALUES ('TRX-FIN-GOPAY-00011', 'ORD-MN-20260011', 'FIN-GOPAY', 'Soni Mahardika', 308500000, 4627500, 303872500, 'PAID', 65, '2026-05-12 12:02:00');
INSERT INTO provider_settlements (settlement_id, provider_code, seller_code, gross_amount, fee_amount, net_settlement, status, created_at) VALUES ('PSET-00011', 'FIN-GOPAY', 'SELLER-SUZUKI', 308500000, 4627500, 303872500, 'SETTLED', '2026-05-13 12:02:00');
INSERT INTO payment_transactions (transaction_global_id, order_global_id, provider_code, customer_name, amount, fee, net_amount, payment_status, risk_score, created_at) VALUES ('TRX-FIN-DANA-00012', 'ORD-MN-20260012', 'FIN-DANA', 'Bima Saputra', 205500000, 3082500, 202417500, 'PAID', 46, '2026-05-13 13:02:00');
INSERT INTO provider_settlements (settlement_id, provider_code, seller_code, gross_amount, fee_amount, net_settlement, status, created_at) VALUES ('PSET-00012', 'FIN-DANA', 'SELLER-HONDA', 205500000, 3082500, 202417500, 'PENDING', '2026-05-14 13:02:00');
INSERT INTO payment_transactions (transaction_global_id, order_global_id, provider_code, customer_name, amount, fee, net_amount, payment_status, risk_score, created_at) VALUES ('TRX-FIN-BANK-00013', 'ORD-MN-20260013', 'FIN-BANK', 'Farah Amalia', 318500000, 4777500, 313722500, 'PAID', 26, '2026-05-14 14:02:00');
INSERT INTO provider_settlements (settlement_id, provider_code, seller_code, gross_amount, fee_amount, net_settlement, status, created_at) VALUES ('PSET-00013', 'FIN-BANK', 'SELLER-HYUNDAI', 318500000, 4777500, 313722500, 'SETTLED', '2026-05-15 14:02:00');
INSERT INTO payment_transactions (transaction_global_id, order_global_id, provider_code, customer_name, amount, fee, net_amount, payment_status, risk_score, created_at) VALUES ('TRX-FIN-GOPAY-00014', 'ORD-MN-20260014', 'FIN-GOPAY', 'Raka Pratama', 474500000, 7117500, 467382500, 'PAID', 19, '2026-05-15 15:02:00');
INSERT INTO provider_settlements (settlement_id, provider_code, seller_code, gross_amount, fee_amount, net_settlement, status, created_at) VALUES ('PSET-00014', 'FIN-GOPAY', 'SELLER-A2000', 474500000, 7117500, 467382500, 'SETTLED', '2026-05-16 15:02:00');
INSERT INTO payment_transactions (transaction_global_id, order_global_id, provider_code, customer_name, amount, fee, net_amount, payment_status, risk_score, created_at) VALUES ('TRX-FIN-DANA-00015', 'ORD-MN-20260015', 'FIN-DANA', 'Citra Lestari', 420500000, 6307500, 414192500, 'PAID', 76, '2026-05-16 16:02:00');
INSERT INTO provider_settlements (settlement_id, provider_code, seller_code, gross_amount, fee_amount, net_settlement, status, created_at) VALUES ('PSET-00015', 'FIN-DANA', 'SELLER-MITSUBISHI', 420500000, 6307500, 414192500, 'SETTLED', '2026-05-17 16:02:00');
INSERT INTO payment_transactions (transaction_global_id, order_global_id, provider_code, customer_name, amount, fee, net_amount, payment_status, risk_score, created_at) VALUES ('TRX-FIN-BANK-00016', 'ORD-MN-20260016', 'FIN-BANK', 'Anne Melanika', 271500000, 4072500, 267427500, 'PAID', 13, '2026-05-17 09:02:00');
INSERT INTO provider_settlements (settlement_id, provider_code, seller_code, gross_amount, fee_amount, net_settlement, status, created_at) VALUES ('PSET-00016', 'FIN-BANK', 'SELLER-A2000', 271500000, 4072500, 267427500, 'PENDING', '2026-05-18 09:02:00');
INSERT INTO payment_transactions (transaction_global_id, order_global_id, provider_code, customer_name, amount, fee, net_amount, payment_status, risk_score, created_at) VALUES ('TRX-FIN-GOPAY-00017', 'ORD-MN-20260017', 'FIN-GOPAY', 'Nadia Putri', 338500000, 5077500, 333422500, 'PAID', 58, '2026-05-18 10:02:00');
INSERT INTO provider_settlements (settlement_id, provider_code, seller_code, gross_amount, fee_amount, net_settlement, status, created_at) VALUES ('PSET-00017', 'FIN-GOPAY', 'SELLER-MITSUBISHI', 338500000, 5077500, 333422500, 'SETTLED', '2026-05-19 10:02:00');
INSERT INTO payment_transactions (transaction_global_id, order_global_id, provider_code, customer_name, amount, fee, net_amount, payment_status, risk_score, created_at) VALUES ('TRX-FIN-DANA-00018', 'ORD-MN-20260018', 'FIN-DANA', 'Dimas Arya', 306500000, 4597500, 301902500, 'PAID', 65, '2026-05-19 11:02:00');
INSERT INTO provider_settlements (settlement_id, provider_code, seller_code, gross_amount, fee_amount, net_settlement, status, created_at) VALUES ('PSET-00018', 'FIN-DANA', 'SELLER-WULING', 306500000, 4597500, 301902500, 'SETTLED', '2026-05-20 11:02:00');
INSERT INTO payment_transactions (transaction_global_id, order_global_id, provider_code, customer_name, amount, fee, net_amount, payment_status, risk_score, created_at) VALUES ('TRX-FIN-BANK-00019', 'ORD-MN-20260019', 'FIN-BANK', 'Soni Mahardika', 742500000, 11137500, 731362500, 'PAID', 28, '2026-05-20 12:02:00');
INSERT INTO provider_settlements (settlement_id, provider_code, seller_code, gross_amount, fee_amount, net_settlement, status, created_at) VALUES ('PSET-00019', 'FIN-BANK', 'SELLER-HONDA', 742500000, 11137500, 731362500, 'SETTLED', '2026-05-21 12:02:00');
INSERT INTO payment_transactions (transaction_global_id, order_global_id, provider_code, customer_name, amount, fee, net_amount, payment_status, risk_score, created_at) VALUES ('TRX-FIN-GOPAY-00020', 'ORD-MN-20260020', 'FIN-GOPAY', 'Bima Saputra', 294500000, 4417500, 290082500, 'PAID', 9, '2026-05-21 13:02:00');
INSERT INTO provider_settlements (settlement_id, provider_code, seller_code, gross_amount, fee_amount, net_settlement, status, created_at) VALUES ('PSET-00020', 'FIN-GOPAY', 'SELLER-SUZUKI', 294500000, 4417500, 290082500, 'PENDING', '2026-05-22 13:02:00');
INSERT INTO payment_transactions (transaction_global_id, order_global_id, provider_code, customer_name, amount, fee, net_amount, payment_status, risk_score, created_at) VALUES ('TRX-FIN-DANA-00021', 'ORD-MN-20260021', 'FIN-DANA', 'Farah Amalia', 311500000, 4672500, 306827500, 'PAID', 75, '2026-05-22 14:02:00');
INSERT INTO provider_settlements (settlement_id, provider_code, seller_code, gross_amount, fee_amount, net_settlement, status, created_at) VALUES ('PSET-00021', 'FIN-DANA', 'SELLER-A2000', 311500000, 4672500, 306827500, 'SETTLED', '2026-05-23 14:02:00');
INSERT INTO payment_transactions (transaction_global_id, order_global_id, provider_code, customer_name, amount, fee, net_amount, payment_status, risk_score, created_at) VALUES ('TRX-FIN-BANK-00022', 'ORD-MN-20260022', 'FIN-BANK', 'Raka Pratama', 785500000, 11782500, 773717500, 'PAID', 16, '2026-05-23 15:02:00');
INSERT INTO provider_settlements (settlement_id, provider_code, seller_code, gross_amount, fee_amount, net_settlement, status, created_at) VALUES ('PSET-00022', 'FIN-BANK', 'SELLER-HYUNDAI', 785500000, 11782500, 773717500, 'SETTLED', '2026-05-24 15:02:00');
INSERT INTO payment_transactions (transaction_global_id, order_global_id, provider_code, customer_name, amount, fee, net_amount, payment_status, risk_score, created_at) VALUES ('TRX-FIN-GOPAY-00023', 'ORD-MN-20260023', 'FIN-GOPAY', 'Citra Lestari', 627500000, 9412500, 618087500, 'PAID', 15, '2026-05-24 16:02:00');
INSERT INTO provider_settlements (settlement_id, provider_code, seller_code, gross_amount, fee_amount, net_settlement, status, created_at) VALUES ('PSET-00023', 'FIN-GOPAY', 'SELLER-A2000', 627500000, 9412500, 618087500, 'SETTLED', '2026-05-25 16:02:00');
INSERT INTO payment_transactions (transaction_global_id, order_global_id, provider_code, customer_name, amount, fee, net_amount, payment_status, risk_score, created_at) VALUES ('TRX-FIN-DANA-00024', 'ORD-MN-20260024', 'FIN-DANA', 'Anne Melanika', 712500000, 10687500, 701812500, 'PAID', 12, '2026-05-01 09:02:00');
INSERT INTO provider_settlements (settlement_id, provider_code, seller_code, gross_amount, fee_amount, net_settlement, status, created_at) VALUES ('PSET-00024', 'FIN-DANA', 'SELLER-MITSUBISHI', 712500000, 10687500, 701812500, 'PENDING', '2026-05-02 09:02:00');
INSERT INTO payment_transactions (transaction_global_id, order_global_id, provider_code, customer_name, amount, fee, net_amount, payment_status, risk_score, created_at) VALUES ('TRX-FIN-BANK-00025', 'ORD-MN-20260025', 'FIN-BANK', 'Nadia Putri', 297500000, 4462500, 293037500, 'PAID', 32, '2026-05-02 10:02:00');
INSERT INTO provider_settlements (settlement_id, provider_code, seller_code, gross_amount, fee_amount, net_settlement, status, created_at) VALUES ('PSET-00025', 'FIN-BANK', 'SELLER-WULING', 297500000, 4462500, 293037500, 'SETTLED', '2026-05-03 10:02:00');
INSERT INTO payment_transactions (transaction_global_id, order_global_id, provider_code, customer_name, amount, fee, net_amount, payment_status, risk_score, created_at) VALUES ('TRX-FIN-GOPAY-00026', 'ORD-MN-20260026', 'FIN-GOPAY', 'Dimas Arya', 543500000, 8152500, 535347500, 'PAID', 38, '2026-05-03 11:02:00');
INSERT INTO provider_settlements (settlement_id, provider_code, seller_code, gross_amount, fee_amount, net_settlement, status, created_at) VALUES ('PSET-00026', 'FIN-GOPAY', 'SELLER-HONDA', 543500000, 8152500, 535347500, 'SETTLED', '2026-05-04 11:02:00');
INSERT INTO payment_transactions (transaction_global_id, order_global_id, provider_code, customer_name, amount, fee, net_amount, payment_status, risk_score, created_at) VALUES ('TRX-FIN-DANA-00027', 'ORD-MN-20260027', 'FIN-DANA', 'Soni Mahardika', 312500000, 4687500, 307812500, 'PAID', 11, '2026-05-04 12:02:00');
INSERT INTO provider_settlements (settlement_id, provider_code, seller_code, gross_amount, fee_amount, net_settlement, status, created_at) VALUES ('PSET-00027', 'FIN-DANA', 'SELLER-SUZUKI', 312500000, 4687500, 307812500, 'SETTLED', '2026-05-05 12:02:00');
INSERT INTO payment_transactions (transaction_global_id, order_global_id, provider_code, customer_name, amount, fee, net_amount, payment_status, risk_score, created_at) VALUES ('TRX-FIN-BANK-00028', 'ORD-MN-20260028', 'FIN-BANK', 'Bima Saputra', 201500000, 3022500, 198477500, 'PAID', 67, '2026-05-05 13:02:00');
INSERT INTO provider_settlements (settlement_id, provider_code, seller_code, gross_amount, fee_amount, net_settlement, status, created_at) VALUES ('PSET-00028', 'FIN-BANK', 'SELLER-HONDA', 201500000, 3022500, 198477500, 'PENDING', '2026-05-06 13:02:00');
INSERT INTO payment_transactions (transaction_global_id, order_global_id, provider_code, customer_name, amount, fee, net_amount, payment_status, risk_score, created_at) VALUES ('TRX-FIN-GOPAY-00029', 'ORD-MN-20260029', 'FIN-GOPAY', 'Farah Amalia', 318500000, 4777500, 313722500, 'PAID', 49, '2026-05-06 14:02:00');
INSERT INTO provider_settlements (settlement_id, provider_code, seller_code, gross_amount, fee_amount, net_settlement, status, created_at) VALUES ('PSET-00029', 'FIN-GOPAY', 'SELLER-HYUNDAI', 318500000, 4777500, 313722500, 'SETTLED', '2026-05-07 14:02:00');
INSERT INTO payment_transactions (transaction_global_id, order_global_id, provider_code, customer_name, amount, fee, net_amount, payment_status, risk_score, created_at) VALUES ('TRX-FIN-DANA-00030', 'ORD-MN-20260030', 'FIN-DANA', 'Raka Pratama', 477500000, 7162500, 470337500, 'PAID', 64, '2026-05-07 15:02:00');
INSERT INTO provider_settlements (settlement_id, provider_code, seller_code, gross_amount, fee_amount, net_settlement, status, created_at) VALUES ('PSET-00030', 'FIN-DANA', 'SELLER-A2000', 477500000, 7162500, 470337500, 'SETTLED', '2026-05-08 15:02:00');
INSERT INTO payment_transactions (transaction_global_id, order_global_id, provider_code, customer_name, amount, fee, net_amount, payment_status, risk_score, created_at) VALUES ('TRX-FIN-BANK-00031', 'ORD-MN-20260031', 'FIN-BANK', 'Citra Lestari', 417500000, 6262500, 411237500, 'PAID', 33, '2026-05-08 16:02:00');
INSERT INTO provider_settlements (settlement_id, provider_code, seller_code, gross_amount, fee_amount, net_settlement, status, created_at) VALUES ('PSET-00031', 'FIN-BANK', 'SELLER-MITSUBISHI', 417500000, 6262500, 411237500, 'SETTLED', '2026-05-09 16:02:00');
INSERT INTO payment_transactions (transaction_global_id, order_global_id, provider_code, customer_name, amount, fee, net_amount, payment_status, risk_score, created_at) VALUES ('TRX-FIN-GOPAY-00032', 'ORD-MN-20260032', 'FIN-GOPAY', 'Anne Melanika', 271500000, 4072500, 267427500, 'PAID', 74, '2026-05-09 09:02:00');
INSERT INTO provider_settlements (settlement_id, provider_code, seller_code, gross_amount, fee_amount, net_settlement, status, created_at) VALUES ('PSET-00032', 'FIN-GOPAY', 'SELLER-A2000', 271500000, 4072500, 267427500, 'PENDING', '2026-05-10 09:02:00');
INSERT INTO payment_transactions (transaction_global_id, order_global_id, provider_code, customer_name, amount, fee, net_amount, payment_status, risk_score, created_at) VALUES ('TRX-FIN-DANA-00033', 'ORD-MN-20260033', 'FIN-DANA', 'Nadia Putri', 342500000, 5137500, 337362500, 'PAID', 37, '2026-05-10 10:02:00');
INSERT INTO provider_settlements (settlement_id, provider_code, seller_code, gross_amount, fee_amount, net_settlement, status, created_at) VALUES ('PSET-00033', 'FIN-DANA', 'SELLER-MITSUBISHI', 342500000, 5137500, 337362500, 'SETTLED', '2026-05-11 10:02:00');
INSERT INTO payment_transactions (transaction_global_id, order_global_id, provider_code, customer_name, amount, fee, net_amount, payment_status, risk_score, created_at) VALUES ('TRX-FIN-BANK-00034', 'ORD-MN-20260034', 'FIN-BANK', 'Dimas Arya', 302500000, 4537500, 297962500, 'PAID', 45, '2026-05-11 11:02:00');
INSERT INTO provider_settlements (settlement_id, provider_code, seller_code, gross_amount, fee_amount, net_settlement, status, created_at) VALUES ('PSET-00034', 'FIN-BANK', 'SELLER-WULING', 302500000, 4537500, 297962500, 'SETTLED', '2026-05-12 11:02:00');
INSERT INTO payment_transactions (transaction_global_id, order_global_id, provider_code, customer_name, amount, fee, net_amount, payment_status, risk_score, created_at) VALUES ('TRX-FIN-GOPAY-00035', 'ORD-MN-20260035', 'FIN-GOPAY', 'Soni Mahardika', 741500000, 11122500, 730377500, 'PAID', 71, '2026-05-12 12:02:00');
INSERT INTO provider_settlements (settlement_id, provider_code, seller_code, gross_amount, fee_amount, net_settlement, status, created_at) VALUES ('PSET-00035', 'FIN-GOPAY', 'SELLER-HONDA', 741500000, 11122500, 730377500, 'SETTLED', '2026-05-13 12:02:00');
INSERT INTO payment_transactions (transaction_global_id, order_global_id, provider_code, customer_name, amount, fee, net_amount, payment_status, risk_score, created_at) VALUES ('TRX-FIN-DANA-00036', 'ORD-MN-20260036', 'FIN-DANA', 'Bima Saputra', 299500000, 4492500, 295007500, 'PAID', 8, '2026-05-13 13:02:00');
INSERT INTO provider_settlements (settlement_id, provider_code, seller_code, gross_amount, fee_amount, net_settlement, status, created_at) VALUES ('PSET-00036', 'FIN-DANA', 'SELLER-SUZUKI', 299500000, 4492500, 295007500, 'PENDING', '2026-05-14 13:02:00');
INSERT INTO payment_transactions (transaction_global_id, order_global_id, provider_code, customer_name, amount, fee, net_amount, payment_status, risk_score, created_at) VALUES ('TRX-FIN-BANK-00037', 'ORD-MN-20260037', 'FIN-BANK', 'Farah Amalia', 307500000, 4612500, 302887500, 'PAID', 18, '2026-05-14 14:02:00');
INSERT INTO provider_settlements (settlement_id, provider_code, seller_code, gross_amount, fee_amount, net_settlement, status, created_at) VALUES ('PSET-00037', 'FIN-BANK', 'SELLER-A2000', 307500000, 4612500, 302887500, 'SETTLED', '2026-05-15 14:02:00');
INSERT INTO payment_transactions (transaction_global_id, order_global_id, provider_code, customer_name, amount, fee, net_amount, payment_status, risk_score, created_at) VALUES ('TRX-FIN-GOPAY-00038', 'ORD-MN-20260038', 'FIN-GOPAY', 'Raka Pratama', 785500000, 11782500, 773717500, 'PAID', 66, '2026-05-15 15:02:00');
INSERT INTO provider_settlements (settlement_id, provider_code, seller_code, gross_amount, fee_amount, net_settlement, status, created_at) VALUES ('PSET-00038', 'FIN-GOPAY', 'SELLER-HYUNDAI', 785500000, 11782500, 773717500, 'SETTLED', '2026-05-16 15:02:00');
INSERT INTO payment_transactions (transaction_global_id, order_global_id, provider_code, customer_name, amount, fee, net_amount, payment_status, risk_score, created_at) VALUES ('TRX-FIN-DANA-00039', 'ORD-MN-20260039', 'FIN-DANA', 'Citra Lestari', 631500000, 9472500, 622027500, 'PAID', 43, '2026-05-16 16:02:00');
INSERT INTO provider_settlements (settlement_id, provider_code, seller_code, gross_amount, fee_amount, net_settlement, status, created_at) VALUES ('PSET-00039', 'FIN-DANA', 'SELLER-A2000', 631500000, 9472500, 622027500, 'SETTLED', '2026-05-17 16:02:00');
INSERT INTO payment_transactions (transaction_global_id, order_global_id, provider_code, customer_name, amount, fee, net_amount, payment_status, risk_score, created_at) VALUES ('TRX-FIN-BANK-00040', 'ORD-MN-20260040', 'FIN-BANK', 'Anne Melanika', 707500000, 10612500, 696887500, 'PAID', 60, '2026-05-17 09:02:00');
INSERT INTO provider_settlements (settlement_id, provider_code, seller_code, gross_amount, fee_amount, net_settlement, status, created_at) VALUES ('PSET-00040', 'FIN-BANK', 'SELLER-MITSUBISHI', 707500000, 10612500, 696887500, 'PENDING', '2026-05-18 09:02:00');
INSERT INTO payment_transactions (transaction_global_id, order_global_id, provider_code, customer_name, amount, fee, net_amount, payment_status, risk_score, created_at) VALUES ('TRX-FIN-GOPAY-00041', 'ORD-MN-20260041', 'FIN-GOPAY', 'Nadia Putri', 298500000, 4477500, 294022500, 'PAID', 18, '2026-05-18 10:02:00');
INSERT INTO provider_settlements (settlement_id, provider_code, seller_code, gross_amount, fee_amount, net_settlement, status, created_at) VALUES ('PSET-00041', 'FIN-GOPAY', 'SELLER-WULING', 298500000, 4477500, 294022500, 'SETTLED', '2026-05-19 10:02:00');
INSERT INTO payment_transactions (transaction_global_id, order_global_id, provider_code, customer_name, amount, fee, net_amount, payment_status, risk_score, created_at) VALUES ('TRX-FIN-DANA-00042', 'ORD-MN-20260042', 'FIN-DANA', 'Dimas Arya', 547500000, 8212500, 539287500, 'PAID', 40, '2026-05-19 11:02:00');
INSERT INTO provider_settlements (settlement_id, provider_code, seller_code, gross_amount, fee_amount, net_settlement, status, created_at) VALUES ('PSET-00042', 'FIN-DANA', 'SELLER-HONDA', 547500000, 8212500, 539287500, 'SETTLED', '2026-05-20 11:02:00');
INSERT INTO payment_transactions (transaction_global_id, order_global_id, provider_code, customer_name, amount, fee, net_amount, payment_status, risk_score, created_at) VALUES ('TRX-FIN-BANK-00043', 'ORD-MN-20260043', 'FIN-BANK', 'Soni Mahardika', 308500000, 4627500, 303872500, 'PAID', 48, '2026-05-20 12:02:00');
INSERT INTO provider_settlements (settlement_id, provider_code, seller_code, gross_amount, fee_amount, net_settlement, status, created_at) VALUES ('PSET-00043', 'FIN-BANK', 'SELLER-SUZUKI', 308500000, 4627500, 303872500, 'SETTLED', '2026-05-21 12:02:00');
INSERT INTO payment_transactions (transaction_global_id, order_global_id, provider_code, customer_name, amount, fee, net_amount, payment_status, risk_score, created_at) VALUES ('TRX-FIN-GOPAY-00044', 'ORD-MN-20260044', 'FIN-GOPAY', 'Bima Saputra', 201500000, 3022500, 198477500, 'PAID', 37, '2026-05-21 13:02:00');
INSERT INTO provider_settlements (settlement_id, provider_code, seller_code, gross_amount, fee_amount, net_settlement, status, created_at) VALUES ('PSET-00044', 'FIN-GOPAY', 'SELLER-HONDA', 201500000, 3022500, 198477500, 'PENDING', '2026-05-22 13:02:00');
INSERT INTO payment_transactions (transaction_global_id, order_global_id, provider_code, customer_name, amount, fee, net_amount, payment_status, risk_score, created_at) VALUES ('TRX-FIN-DANA-00045', 'ORD-MN-20260045', 'FIN-DANA', 'Farah Amalia', 321500000, 4822500, 316677500, 'PAID', 73, '2026-05-22 14:02:00');
INSERT INTO provider_settlements (settlement_id, provider_code, seller_code, gross_amount, fee_amount, net_settlement, status, created_at) VALUES ('PSET-00045', 'FIN-DANA', 'SELLER-HYUNDAI', 321500000, 4822500, 316677500, 'SETTLED', '2026-05-23 14:02:00');
INSERT INTO payment_transactions (transaction_global_id, order_global_id, provider_code, customer_name, amount, fee, net_amount, payment_status, risk_score, created_at) VALUES ('TRX-FIN-BANK-00046', 'ORD-MN-20260046', 'FIN-BANK', 'Raka Pratama', 474500000, 7117500, 467382500, 'PAID', 44, '2026-05-23 15:02:00');
INSERT INTO provider_settlements (settlement_id, provider_code, seller_code, gross_amount, fee_amount, net_settlement, status, created_at) VALUES ('PSET-00046', 'FIN-BANK', 'SELLER-A2000', 474500000, 7117500, 467382500, 'SETTLED', '2026-05-24 15:02:00');
INSERT INTO payment_transactions (transaction_global_id, order_global_id, provider_code, customer_name, amount, fee, net_amount, payment_status, risk_score, created_at) VALUES ('TRX-FIN-GOPAY-00047', 'ORD-MN-20260047', 'FIN-GOPAY', 'Citra Lestari', 417500000, 6262500, 411237500, 'PAID', 11, '2026-05-24 16:02:00');
INSERT INTO provider_settlements (settlement_id, provider_code, seller_code, gross_amount, fee_amount, net_settlement, status, created_at) VALUES ('PSET-00047', 'FIN-GOPAY', 'SELLER-MITSUBISHI', 417500000, 6262500, 411237500, 'SETTLED', '2026-05-25 16:02:00');
INSERT INTO payment_transactions (transaction_global_id, order_global_id, provider_code, customer_name, amount, fee, net_amount, payment_status, risk_score, created_at) VALUES ('TRX-FIN-DANA-00048', 'ORD-MN-20260048', 'FIN-DANA', 'Anne Melanika', 275500000, 4132500, 271367500, 'PAID', 16, '2026-05-01 09:02:00');
INSERT INTO provider_settlements (settlement_id, provider_code, seller_code, gross_amount, fee_amount, net_settlement, status, created_at) VALUES ('PSET-00048', 'FIN-DANA', 'SELLER-A2000', 275500000, 4132500, 271367500, 'PENDING', '2026-05-02 09:02:00');
INSERT INTO payment_transactions (transaction_global_id, order_global_id, provider_code, customer_name, amount, fee, net_amount, payment_status, risk_score, created_at) VALUES ('TRX-FIN-BANK-00049', 'ORD-MN-20260049', 'FIN-BANK', 'Nadia Putri', 338500000, 5077500, 333422500, 'PAID', 21, '2026-05-02 10:02:00');
INSERT INTO provider_settlements (settlement_id, provider_code, seller_code, gross_amount, fee_amount, net_settlement, status, created_at) VALUES ('PSET-00049', 'FIN-BANK', 'SELLER-MITSUBISHI', 338500000, 5077500, 333422500, 'SETTLED', '2026-05-03 10:02:00');
INSERT INTO payment_transactions (transaction_global_id, order_global_id, provider_code, customer_name, amount, fee, net_amount, payment_status, risk_score, created_at) VALUES ('TRX-FIN-GOPAY-00050', 'ORD-MN-20260050', 'FIN-GOPAY', 'Dimas Arya', 301500000, 4522500, 296977500, 'PAID', 59, '2026-05-03 11:02:00');
INSERT INTO provider_settlements (settlement_id, provider_code, seller_code, gross_amount, fee_amount, net_settlement, status, created_at) VALUES ('PSET-00050', 'FIN-GOPAY', 'SELLER-WULING', 301500000, 4522500, 296977500, 'SETTLED', '2026-05-04 11:02:00');
INSERT INTO payment_transactions (transaction_global_id, order_global_id, provider_code, customer_name, amount, fee, net_amount, payment_status, risk_score, created_at) VALUES ('TRX-FIN-DANA-00051', 'ORD-MN-20260051', 'FIN-DANA', 'Soni Mahardika', 746500000, 11197500, 735302500, 'PAID', 21, '2026-05-04 12:02:00');
INSERT INTO provider_settlements (settlement_id, provider_code, seller_code, gross_amount, fee_amount, net_settlement, status, created_at) VALUES ('PSET-00051', 'FIN-DANA', 'SELLER-HONDA', 746500000, 11197500, 735302500, 'SETTLED', '2026-05-05 12:02:00');
INSERT INTO payment_transactions (transaction_global_id, order_global_id, provider_code, customer_name, amount, fee, net_amount, payment_status, risk_score, created_at) VALUES ('TRX-FIN-BANK-00052', 'ORD-MN-20260052', 'FIN-BANK', 'Bima Saputra', 295500000, 4432500, 291067500, 'PAID', 45, '2026-05-05 13:02:00');
INSERT INTO provider_settlements (settlement_id, provider_code, seller_code, gross_amount, fee_amount, net_settlement, status, created_at) VALUES ('PSET-00052', 'FIN-BANK', 'SELLER-SUZUKI', 295500000, 4432500, 291067500, 'PENDING', '2026-05-06 13:02:00');
INSERT INTO payment_transactions (transaction_global_id, order_global_id, provider_code, customer_name, amount, fee, net_amount, payment_status, risk_score, created_at) VALUES ('TRX-FIN-GOPAY-00053', 'ORD-MN-20260053', 'FIN-GOPAY', 'Farah Amalia', 307500000, 4612500, 302887500, 'PAID', 57, '2026-05-06 14:02:00');
INSERT INTO provider_settlements (settlement_id, provider_code, seller_code, gross_amount, fee_amount, net_settlement, status, created_at) VALUES ('PSET-00053', 'FIN-GOPAY', 'SELLER-A2000', 307500000, 4612500, 302887500, 'SETTLED', '2026-05-07 14:02:00');
INSERT INTO payment_transactions (transaction_global_id, order_global_id, provider_code, customer_name, amount, fee, net_amount, payment_status, risk_score, created_at) VALUES ('TRX-FIN-DANA-00054', 'ORD-MN-20260054', 'FIN-DANA', 'Raka Pratama', 789500000, 11842500, 777657500, 'PAID', 16, '2026-05-07 15:02:00');
INSERT INTO provider_settlements (settlement_id, provider_code, seller_code, gross_amount, fee_amount, net_settlement, status, created_at) VALUES ('PSET-00054', 'FIN-DANA', 'SELLER-HYUNDAI', 789500000, 11842500, 777657500, 'SETTLED', '2026-05-08 15:02:00');
INSERT INTO payment_transactions (transaction_global_id, order_global_id, provider_code, customer_name, amount, fee, net_amount, payment_status, risk_score, created_at) VALUES ('TRX-FIN-BANK-00055', 'ORD-MN-20260055', 'FIN-BANK', 'Citra Lestari', 626500000, 9397500, 617102500, 'PAID', 10, '2026-05-08 16:02:00');
INSERT INTO provider_settlements (settlement_id, provider_code, seller_code, gross_amount, fee_amount, net_settlement, status, created_at) VALUES ('PSET-00055', 'FIN-BANK', 'SELLER-A2000', 626500000, 9397500, 617102500, 'SETTLED', '2026-05-09 16:02:00');
INSERT INTO payment_transactions (transaction_global_id, order_global_id, provider_code, customer_name, amount, fee, net_amount, payment_status, risk_score, created_at) VALUES ('TRX-FIN-GOPAY-00056', 'ORD-MN-20260056', 'FIN-GOPAY', 'Anne Melanika', 708500000, 10627500, 697872500, 'PAID', 8, '2026-05-09 09:02:00');
INSERT INTO provider_settlements (settlement_id, provider_code, seller_code, gross_amount, fee_amount, net_settlement, status, created_at) VALUES ('PSET-00056', 'FIN-GOPAY', 'SELLER-MITSUBISHI', 708500000, 10627500, 697872500, 'PENDING', '2026-05-10 09:02:00');
INSERT INTO payment_transactions (transaction_global_id, order_global_id, provider_code, customer_name, amount, fee, net_amount, payment_status, risk_score, created_at) VALUES ('TRX-FIN-DANA-00057', 'ORD-MN-20260057', 'FIN-DANA', 'Nadia Putri', 302500000, 4537500, 297962500, 'PAID', 35, '2026-05-10 10:02:00');
INSERT INTO provider_settlements (settlement_id, provider_code, seller_code, gross_amount, fee_amount, net_settlement, status, created_at) VALUES ('PSET-00057', 'FIN-DANA', 'SELLER-WULING', 302500000, 4537500, 297962500, 'SETTLED', '2026-05-11 10:02:00');
INSERT INTO payment_transactions (transaction_global_id, order_global_id, provider_code, customer_name, amount, fee, net_amount, payment_status, risk_score, created_at) VALUES ('TRX-FIN-BANK-00058', 'ORD-MN-20260058', 'FIN-BANK', 'Dimas Arya', 543500000, 8152500, 535347500, 'PAID', 34, '2026-05-11 11:02:00');
INSERT INTO provider_settlements (settlement_id, provider_code, seller_code, gross_amount, fee_amount, net_settlement, status, created_at) VALUES ('PSET-00058', 'FIN-BANK', 'SELLER-HONDA', 543500000, 8152500, 535347500, 'SETTLED', '2026-05-12 11:02:00');
INSERT INTO payment_transactions (transaction_global_id, order_global_id, provider_code, customer_name, amount, fee, net_amount, payment_status, risk_score, created_at) VALUES ('TRX-FIN-GOPAY-00059', 'ORD-MN-20260059', 'FIN-GOPAY', 'Soni Mahardika', 308500000, 4627500, 303872500, 'PAID', 14, '2026-05-12 12:02:00');
INSERT INTO provider_settlements (settlement_id, provider_code, seller_code, gross_amount, fee_amount, net_settlement, status, created_at) VALUES ('PSET-00059', 'FIN-GOPAY', 'SELLER-SUZUKI', 308500000, 4627500, 303872500, 'SETTLED', '2026-05-13 12:02:00');
INSERT INTO payment_transactions (transaction_global_id, order_global_id, provider_code, customer_name, amount, fee, net_amount, payment_status, risk_score, created_at) VALUES ('TRX-FIN-DANA-00060', 'ORD-MN-20260060', 'FIN-DANA', 'Bima Saputra', 204500000, 3067500, 201432500, 'PAID', 68, '2026-05-13 13:02:00');
INSERT INTO provider_settlements (settlement_id, provider_code, seller_code, gross_amount, fee_amount, net_settlement, status, created_at) VALUES ('PSET-00060', 'FIN-DANA', 'SELLER-HONDA', 204500000, 3067500, 201432500, 'PENDING', '2026-05-14 13:02:00');
INSERT INTO payment_logs (provider_code, endpoint, status_code, message, created_at) VALUES ('FIN-BANK', '/payments/pay', 200, 'payment gateway log', '2026-05-02 12:01:00');
INSERT INTO payment_logs (provider_code, endpoint, status_code, message, created_at) VALUES ('FIN-GOPAY', '/settlements', 200, 'payment gateway log', '2026-05-03 12:02:00');
INSERT INTO payment_logs (provider_code, endpoint, status_code, message, created_at) VALUES ('FIN-DANA', '/payments/pay', 200, 'payment gateway log', '2026-05-04 12:03:00');
INSERT INTO payment_logs (provider_code, endpoint, status_code, message, created_at) VALUES ('FIN-BANK', '/settlements', 200, 'payment gateway log', '2026-05-05 12:04:00');
INSERT INTO payment_logs (provider_code, endpoint, status_code, message, created_at) VALUES ('FIN-GOPAY', '/payments/pay', 200, 'payment gateway log', '2026-05-06 12:05:00');
INSERT INTO payment_logs (provider_code, endpoint, status_code, message, created_at) VALUES ('FIN-DANA', '/settlements', 200, 'payment gateway log', '2026-05-07 12:06:00');
INSERT INTO payment_logs (provider_code, endpoint, status_code, message, created_at) VALUES ('FIN-BANK', '/payments/pay', 200, 'payment gateway log', '2026-05-08 12:07:00');
INSERT INTO payment_logs (provider_code, endpoint, status_code, message, created_at) VALUES ('FIN-GOPAY', '/settlements', 200, 'payment gateway log', '2026-05-09 12:08:00');
INSERT INTO payment_logs (provider_code, endpoint, status_code, message, created_at) VALUES ('FIN-DANA', '/payments/pay', 200, 'payment gateway log', '2026-05-10 12:09:00');
INSERT INTO payment_logs (provider_code, endpoint, status_code, message, created_at) VALUES ('FIN-BANK', '/settlements', 200, 'payment gateway log', '2026-05-11 12:10:00');
INSERT INTO payment_logs (provider_code, endpoint, status_code, message, created_at) VALUES ('FIN-GOPAY', '/payments/pay', 200, 'payment gateway log', '2026-05-12 12:11:00');
INSERT INTO payment_logs (provider_code, endpoint, status_code, message, created_at) VALUES ('FIN-DANA', '/settlements', 200, 'payment gateway log', '2026-05-13 12:12:00');
INSERT INTO payment_logs (provider_code, endpoint, status_code, message, created_at) VALUES ('FIN-BANK', '/payments/pay', 200, 'payment gateway log', '2026-05-14 12:13:00');
INSERT INTO payment_logs (provider_code, endpoint, status_code, message, created_at) VALUES ('FIN-GOPAY', '/settlements', 200, 'payment gateway log', '2026-05-15 12:14:00');
INSERT INTO payment_logs (provider_code, endpoint, status_code, message, created_at) VALUES ('FIN-DANA', '/payments/pay', 200, 'payment gateway log', '2026-05-16 12:15:00');
INSERT INTO payment_logs (provider_code, endpoint, status_code, message, created_at) VALUES ('FIN-BANK', '/settlements', 200, 'payment gateway log', '2026-05-17 12:16:00');
INSERT INTO payment_logs (provider_code, endpoint, status_code, message, created_at) VALUES ('FIN-GOPAY', '/payments/pay', 200, 'payment gateway log', '2026-05-18 12:17:00');
INSERT INTO payment_logs (provider_code, endpoint, status_code, message, created_at) VALUES ('FIN-DANA', '/settlements', 200, 'payment gateway log', '2026-05-19 12:18:00');
INSERT INTO payment_logs (provider_code, endpoint, status_code, message, created_at) VALUES ('FIN-BANK', '/payments/pay', 200, 'payment gateway log', '2026-05-20 12:19:00');
INSERT INTO payment_logs (provider_code, endpoint, status_code, message, created_at) VALUES ('FIN-GOPAY', '/settlements', 200, 'payment gateway log', '2026-05-21 12:20:00');
INSERT INTO payment_logs (provider_code, endpoint, status_code, message, created_at) VALUES ('FIN-DANA', '/payments/pay', 200, 'payment gateway log', '2026-05-22 12:21:00');
INSERT INTO payment_logs (provider_code, endpoint, status_code, message, created_at) VALUES ('FIN-BANK', '/settlements', 200, 'payment gateway log', '2026-05-23 12:22:00');
INSERT INTO payment_logs (provider_code, endpoint, status_code, message, created_at) VALUES ('FIN-GOPAY', '/payments/pay', 200, 'payment gateway log', '2026-05-24 12:23:00');
INSERT INTO payment_logs (provider_code, endpoint, status_code, message, created_at) VALUES ('FIN-DANA', '/settlements', 200, 'payment gateway log', '2026-05-01 12:24:00');
INSERT INTO payment_logs (provider_code, endpoint, status_code, message, created_at) VALUES ('FIN-BANK', '/payments/pay', 200, 'payment gateway log', '2026-05-02 12:25:00');
INSERT INTO payment_logs (provider_code, endpoint, status_code, message, created_at) VALUES ('FIN-GOPAY', '/settlements', 200, 'payment gateway log', '2026-05-03 12:26:00');
INSERT INTO payment_logs (provider_code, endpoint, status_code, message, created_at) VALUES ('FIN-DANA', '/payments/pay', 200, 'payment gateway log', '2026-05-04 12:27:00');
INSERT INTO payment_logs (provider_code, endpoint, status_code, message, created_at) VALUES ('FIN-BANK', '/settlements', 200, 'payment gateway log', '2026-05-05 12:28:00');
INSERT INTO payment_logs (provider_code, endpoint, status_code, message, created_at) VALUES ('FIN-GOPAY', '/payments/pay', 200, 'payment gateway log', '2026-05-06 12:29:00');
INSERT INTO payment_logs (provider_code, endpoint, status_code, message, created_at) VALUES ('FIN-DANA', '/settlements', 200, 'payment gateway log', '2026-05-07 12:30:00');
INSERT INTO payment_logs (provider_code, endpoint, status_code, message, created_at) VALUES ('FIN-BANK', '/payments/pay', 200, 'payment gateway log', '2026-05-08 12:31:00');
INSERT INTO payment_logs (provider_code, endpoint, status_code, message, created_at) VALUES ('FIN-GOPAY', '/settlements', 200, 'payment gateway log', '2026-05-09 12:32:00');
INSERT INTO payment_logs (provider_code, endpoint, status_code, message, created_at) VALUES ('FIN-DANA', '/payments/pay', 200, 'payment gateway log', '2026-05-10 12:33:00');
INSERT INTO payment_logs (provider_code, endpoint, status_code, message, created_at) VALUES ('FIN-BANK', '/settlements', 200, 'payment gateway log', '2026-05-11 12:34:00');
INSERT INTO payment_logs (provider_code, endpoint, status_code, message, created_at) VALUES ('FIN-GOPAY', '/payments/pay', 200, 'payment gateway log', '2026-05-12 12:35:00');
INSERT INTO payment_logs (provider_code, endpoint, status_code, message, created_at) VALUES ('FIN-DANA', '/settlements', 200, 'payment gateway log', '2026-05-13 12:36:00');
INSERT INTO payment_logs (provider_code, endpoint, status_code, message, created_at) VALUES ('FIN-BANK', '/payments/pay', 200, 'payment gateway log', '2026-05-14 12:37:00');
INSERT INTO payment_logs (provider_code, endpoint, status_code, message, created_at) VALUES ('FIN-GOPAY', '/settlements', 200, 'payment gateway log', '2026-05-15 12:38:00');
INSERT INTO payment_logs (provider_code, endpoint, status_code, message, created_at) VALUES ('FIN-DANA', '/payments/pay', 200, 'payment gateway log', '2026-05-16 12:39:00');
INSERT INTO payment_logs (provider_code, endpoint, status_code, message, created_at) VALUES ('FIN-BANK', '/settlements', 200, 'payment gateway log', '2026-05-17 12:40:00');
INSERT INTO payment_logs (provider_code, endpoint, status_code, message, created_at) VALUES ('FIN-GOPAY', '/payments/pay', 200, 'payment gateway log', '2026-05-18 12:41:00');
INSERT INTO payment_logs (provider_code, endpoint, status_code, message, created_at) VALUES ('FIN-DANA', '/settlements', 200, 'payment gateway log', '2026-05-19 12:42:00');
INSERT INTO payment_logs (provider_code, endpoint, status_code, message, created_at) VALUES ('FIN-BANK', '/payments/pay', 200, 'payment gateway log', '2026-05-20 12:43:00');
INSERT INTO payment_logs (provider_code, endpoint, status_code, message, created_at) VALUES ('FIN-GOPAY', '/settlements', 200, 'payment gateway log', '2026-05-21 12:44:00');
INSERT INTO payment_logs (provider_code, endpoint, status_code, message, created_at) VALUES ('FIN-DANA', '/payments/pay', 200, 'payment gateway log', '2026-05-22 12:45:00');
INSERT INTO payment_logs (provider_code, endpoint, status_code, message, created_at) VALUES ('FIN-BANK', '/settlements', 200, 'payment gateway log', '2026-05-23 12:46:00');
INSERT INTO payment_logs (provider_code, endpoint, status_code, message, created_at) VALUES ('FIN-GOPAY', '/payments/pay', 200, 'payment gateway log', '2026-05-24 12:47:00');
INSERT INTO payment_logs (provider_code, endpoint, status_code, message, created_at) VALUES ('FIN-DANA', '/settlements', 200, 'payment gateway log', '2026-05-01 12:48:00');
INSERT INTO payment_logs (provider_code, endpoint, status_code, message, created_at) VALUES ('FIN-BANK', '/payments/pay', 200, 'payment gateway log', '2026-05-02 12:49:00');
INSERT INTO payment_logs (provider_code, endpoint, status_code, message, created_at) VALUES ('FIN-GOPAY', '/settlements', 200, 'payment gateway log', '2026-05-03 12:50:00');
INSERT INTO payment_logs (provider_code, endpoint, status_code, message, created_at) VALUES ('FIN-DANA', '/payments/pay', 200, 'payment gateway log', '2026-05-04 12:51:00');
INSERT INTO payment_logs (provider_code, endpoint, status_code, message, created_at) VALUES ('FIN-BANK', '/settlements', 200, 'payment gateway log', '2026-05-05 12:52:00');
INSERT INTO payment_logs (provider_code, endpoint, status_code, message, created_at) VALUES ('FIN-GOPAY', '/payments/pay', 200, 'payment gateway log', '2026-05-06 12:53:00');
INSERT INTO payment_logs (provider_code, endpoint, status_code, message, created_at) VALUES ('FIN-DANA', '/settlements', 200, 'payment gateway log', '2026-05-07 12:54:00');
INSERT INTO payment_logs (provider_code, endpoint, status_code, message, created_at) VALUES ('FIN-BANK', '/payments/pay', 200, 'payment gateway log', '2026-05-08 12:55:00');
INSERT INTO payment_logs (provider_code, endpoint, status_code, message, created_at) VALUES ('FIN-GOPAY', '/settlements', 200, 'payment gateway log', '2026-05-09 12:56:00');
INSERT INTO payment_logs (provider_code, endpoint, status_code, message, created_at) VALUES ('FIN-DANA', '/payments/pay', 200, 'payment gateway log', '2026-05-10 12:57:00');
INSERT INTO payment_logs (provider_code, endpoint, status_code, message, created_at) VALUES ('FIN-BANK', '/settlements', 200, 'payment gateway log', '2026-05-11 12:58:00');
INSERT INTO payment_logs (provider_code, endpoint, status_code, message, created_at) VALUES ('FIN-GOPAY', '/payments/pay', 200, 'payment gateway log', '2026-05-12 12:59:00');
INSERT INTO payment_logs (provider_code, endpoint, status_code, message, created_at) VALUES ('FIN-DANA', '/settlements', 200, 'payment gateway log', '2026-05-13 12:00:00');
INSERT INTO payment_logs (provider_code, endpoint, status_code, message, created_at) VALUES ('FIN-BANK', '/payments/pay', 200, 'payment gateway log', '2026-05-14 12:01:00');
INSERT INTO payment_logs (provider_code, endpoint, status_code, message, created_at) VALUES ('FIN-GOPAY', '/settlements', 200, 'payment gateway log', '2026-05-15 12:02:00');
INSERT INTO payment_logs (provider_code, endpoint, status_code, message, created_at) VALUES ('FIN-DANA', '/payments/pay', 200, 'payment gateway log', '2026-05-16 12:03:00');
INSERT INTO payment_logs (provider_code, endpoint, status_code, message, created_at) VALUES ('FIN-BANK', '/settlements', 200, 'payment gateway log', '2026-05-17 12:04:00');
INSERT INTO payment_logs (provider_code, endpoint, status_code, message, created_at) VALUES ('FIN-GOPAY', '/payments/pay', 200, 'payment gateway log', '2026-05-18 12:05:00');
INSERT INTO payment_logs (provider_code, endpoint, status_code, message, created_at) VALUES ('FIN-DANA', '/settlements', 200, 'payment gateway log', '2026-05-19 12:06:00');
INSERT INTO payment_logs (provider_code, endpoint, status_code, message, created_at) VALUES ('FIN-BANK', '/payments/pay', 200, 'payment gateway log', '2026-05-20 12:07:00');
INSERT INTO payment_logs (provider_code, endpoint, status_code, message, created_at) VALUES ('FIN-GOPAY', '/settlements', 200, 'payment gateway log', '2026-05-21 12:08:00');
INSERT INTO payment_logs (provider_code, endpoint, status_code, message, created_at) VALUES ('FIN-DANA', '/payments/pay', 200, 'payment gateway log', '2026-05-22 12:09:00');
INSERT INTO payment_logs (provider_code, endpoint, status_code, message, created_at) VALUES ('FIN-BANK', '/settlements', 200, 'payment gateway log', '2026-05-23 12:10:00');
INSERT INTO payment_logs (provider_code, endpoint, status_code, message, created_at) VALUES ('FIN-GOPAY', '/payments/pay', 200, 'payment gateway log', '2026-05-24 12:11:00');
INSERT INTO payment_logs (provider_code, endpoint, status_code, message, created_at) VALUES ('FIN-DANA', '/settlements', 200, 'payment gateway log', '2026-05-01 12:12:00');
INSERT INTO payment_logs (provider_code, endpoint, status_code, message, created_at) VALUES ('FIN-BANK', '/payments/pay', 200, 'payment gateway log', '2026-05-02 12:13:00');
INSERT INTO payment_logs (provider_code, endpoint, status_code, message, created_at) VALUES ('FIN-GOPAY', '/settlements', 200, 'payment gateway log', '2026-05-03 12:14:00');
INSERT INTO payment_logs (provider_code, endpoint, status_code, message, created_at) VALUES ('FIN-DANA', '/payments/pay', 200, 'payment gateway log', '2026-05-04 12:15:00');
INSERT INTO payment_logs (provider_code, endpoint, status_code, message, created_at) VALUES ('FIN-BANK', '/settlements', 200, 'payment gateway log', '2026-05-05 12:16:00');
INSERT INTO payment_logs (provider_code, endpoint, status_code, message, created_at) VALUES ('FIN-GOPAY', '/payments/pay', 200, 'payment gateway log', '2026-05-06 12:17:00');
INSERT INTO payment_logs (provider_code, endpoint, status_code, message, created_at) VALUES ('FIN-DANA', '/settlements', 200, 'payment gateway log', '2026-05-07 12:18:00');
INSERT INTO payment_logs (provider_code, endpoint, status_code, message, created_at) VALUES ('FIN-BANK', '/payments/pay', 200, 'payment gateway log', '2026-05-08 12:19:00');
INSERT INTO payment_logs (provider_code, endpoint, status_code, message, created_at) VALUES ('FIN-GOPAY', '/settlements', 200, 'payment gateway log', '2026-05-09 12:20:00');
INSERT INTO payment_logs (provider_code, endpoint, status_code, message, created_at) VALUES ('FIN-DANA', '/payments/pay', 200, 'payment gateway log', '2026-05-10 12:21:00');
INSERT INTO payment_logs (provider_code, endpoint, status_code, message, created_at) VALUES ('FIN-BANK', '/settlements', 200, 'payment gateway log', '2026-05-11 12:22:00');
INSERT INTO payment_logs (provider_code, endpoint, status_code, message, created_at) VALUES ('FIN-GOPAY', '/payments/pay', 200, 'payment gateway log', '2026-05-12 12:23:00');
INSERT INTO payment_logs (provider_code, endpoint, status_code, message, created_at) VALUES ('FIN-DANA', '/settlements', 200, 'payment gateway log', '2026-05-13 12:24:00');
INSERT INTO payment_logs (provider_code, endpoint, status_code, message, created_at) VALUES ('FIN-BANK', '/payments/pay', 200, 'payment gateway log', '2026-05-14 12:25:00');
INSERT INTO payment_logs (provider_code, endpoint, status_code, message, created_at) VALUES ('FIN-GOPAY', '/settlements', 200, 'payment gateway log', '2026-05-15 12:26:00');
INSERT INTO payment_logs (provider_code, endpoint, status_code, message, created_at) VALUES ('FIN-DANA', '/payments/pay', 200, 'payment gateway log', '2026-05-16 12:27:00');
INSERT INTO payment_logs (provider_code, endpoint, status_code, message, created_at) VALUES ('FIN-BANK', '/settlements', 200, 'payment gateway log', '2026-05-17 12:28:00');
INSERT INTO payment_logs (provider_code, endpoint, status_code, message, created_at) VALUES ('FIN-GOPAY', '/payments/pay', 200, 'payment gateway log', '2026-05-18 12:29:00');
INSERT INTO payment_logs (provider_code, endpoint, status_code, message, created_at) VALUES ('FIN-DANA', '/settlements', 200, 'payment gateway log', '2026-05-19 12:30:00');

USE delivery_gateway_db;
CREATE TABLE delivery_partners(delivery_code VARCHAR(40) PRIMARY KEY, delivery_name VARCHAR(120), service_type VARCHAR(80), status VARCHAR(20), brand_color VARCHAR(20));
CREATE TABLE delivery_shipments(shipment_id INT AUTO_INCREMENT PRIMARY KEY, shipment_global_id VARCHAR(80), order_global_id VARCHAR(80), delivery_code VARCHAR(40), buyer_name VARCHAR(120), origin_city VARCHAR(80), destination_city VARCHAR(80), tracking_number VARCHAR(80), shipment_status VARCHAR(40), current_location VARCHAR(120), estimated_arrival DATE, created_at DATETIME);
CREATE TABLE tracking_events(event_id INT AUTO_INCREMENT PRIMARY KEY, tracking_number VARCHAR(80), status VARCHAR(40), location VARCHAR(120), note VARCHAR(255), created_at DATETIME);
CREATE TABLE delivery_logs(log_id INT AUTO_INCREMENT PRIMARY KEY, delivery_code VARCHAR(40), endpoint VARCHAR(120), status_code INT, message VARCHAR(255), created_at DATETIME);

INSERT INTO delivery_partners (delivery_code, delivery_name, service_type, status, brand_color) VALUES ('DEL-SKY', 'SkySend Express', 'Regular Delivery', 'ACTIVE', '#0ea5e9');
INSERT INTO delivery_partners (delivery_code, delivery_name, service_type, status, brand_color) VALUES ('DEL-NEO', 'NeoRush Delivery', 'Same-Day Delivery', 'ACTIVE', '#f97316');
INSERT INTO delivery_partners (delivery_code, delivery_name, service_type, status, brand_color) VALUES ('DEL-ORI', 'OrionCargo Logistics', 'Cargo Delivery', 'ACTIVE', '#7c3aed');
INSERT INTO delivery_shipments (shipment_global_id, order_global_id, delivery_code, buyer_name, origin_city, destination_city, tracking_number, shipment_status, current_location, estimated_arrival, created_at) VALUES ('SHIP-00001', 'ORD-MN-20260001', 'DEL-ORI', 'Nadia Putri', 'Dealer Surabaya', 'Bandung', 'TRK-MN-00001', 'ON_DELIVERY', 'Distribution Hub', '2026-05-07', '2026-05-02 11:00:00');
INSERT INTO tracking_events (tracking_number, status, location, note, created_at) VALUES ('TRK-MN-00001', 'CREATED', 'Hub 1', 'Status created tercatat', '2026-05-02 12:00:00');
INSERT INTO tracking_events (tracking_number, status, location, note, created_at) VALUES ('TRK-MN-00001', 'PICKED_UP', 'Hub 2', 'Status picked_up tercatat', '2026-05-02 13:00:00');
INSERT INTO tracking_events (tracking_number, status, location, note, created_at) VALUES ('TRK-MN-00001', 'ON_DELIVERY', 'Hub 3', 'Status on_delivery tercatat', '2026-05-02 14:00:00');
INSERT INTO delivery_shipments (shipment_global_id, order_global_id, delivery_code, buyer_name, origin_city, destination_city, tracking_number, shipment_status, current_location, estimated_arrival, created_at) VALUES ('SHIP-00002', 'ORD-MN-20260002', 'DEL-SKY', 'Dimas Arya', 'Dealer Bekasi', 'Bekasi', 'TRK-MN-00002', 'READY_TO_SHIP', 'Distribution Hub', '2026-05-08', '2026-05-03 12:00:00');
INSERT INTO tracking_events (tracking_number, status, location, note, created_at) VALUES ('TRK-MN-00002', 'CREATED', 'Hub 1', 'Status created tercatat', '2026-05-03 13:00:00');
INSERT INTO tracking_events (tracking_number, status, location, note, created_at) VALUES ('TRK-MN-00002', 'PICKED_UP', 'Hub 2', 'Status picked_up tercatat', '2026-05-03 14:00:00');
INSERT INTO tracking_events (tracking_number, status, location, note, created_at) VALUES ('TRK-MN-00002', 'ON_DELIVERY', 'Hub 3', 'Status on_delivery tercatat', '2026-05-03 15:00:00');
INSERT INTO delivery_shipments (shipment_global_id, order_global_id, delivery_code, buyer_name, origin_city, destination_city, tracking_number, shipment_status, current_location, estimated_arrival, created_at) VALUES ('SHIP-00003', 'ORD-MN-20260003', 'DEL-NEO', 'Soni Mahardika', 'Dealer Bandung', 'Sleman', 'TRK-MN-00003', 'DELIVERED', 'Sleman', '2026-05-09', '2026-05-04 13:00:00');
INSERT INTO tracking_events (tracking_number, status, location, note, created_at) VALUES ('TRK-MN-00003', 'CREATED', 'Hub 1', 'Status created tercatat', '2026-05-04 14:00:00');
INSERT INTO tracking_events (tracking_number, status, location, note, created_at) VALUES ('TRK-MN-00003', 'PICKED_UP', 'Hub 2', 'Status picked_up tercatat', '2026-05-04 15:00:00');
INSERT INTO tracking_events (tracking_number, status, location, note, created_at) VALUES ('TRK-MN-00003', 'ON_DELIVERY', 'Hub 3', 'Status on_delivery tercatat', '2026-05-04 16:00:00');
INSERT INTO tracking_events (tracking_number, status, location, note, created_at) VALUES ('TRK-MN-00003', 'DELIVERED', 'Sleman', 'Status delivered tercatat', '2026-05-04 17:00:00');
INSERT INTO delivery_shipments (shipment_global_id, order_global_id, delivery_code, buyer_name, origin_city, destination_city, tracking_number, shipment_status, current_location, estimated_arrival, created_at) VALUES ('SHIP-00004', 'ORD-MN-20260004', 'DEL-ORI', 'Bima Saputra', 'Dealer Semarang', 'Surabaya', 'TRK-MN-00004', 'DELIVERED', 'Surabaya', '2026-05-10', '2026-05-05 14:00:00');
INSERT INTO tracking_events (tracking_number, status, location, note, created_at) VALUES ('TRK-MN-00004', 'CREATED', 'Hub 1', 'Status created tercatat', '2026-05-05 15:00:00');
INSERT INTO tracking_events (tracking_number, status, location, note, created_at) VALUES ('TRK-MN-00004', 'PICKED_UP', 'Hub 2', 'Status picked_up tercatat', '2026-05-05 16:00:00');
INSERT INTO tracking_events (tracking_number, status, location, note, created_at) VALUES ('TRK-MN-00004', 'ON_DELIVERY', 'Hub 3', 'Status on_delivery tercatat', '2026-05-05 17:00:00');
INSERT INTO tracking_events (tracking_number, status, location, note, created_at) VALUES ('TRK-MN-00004', 'DELIVERED', 'Surabaya', 'Status delivered tercatat', '2026-05-05 18:00:00');
INSERT INTO delivery_shipments (shipment_global_id, order_global_id, delivery_code, buyer_name, origin_city, destination_city, tracking_number, shipment_status, current_location, estimated_arrival, created_at) VALUES ('SHIP-00005', 'ORD-MN-20260005', 'DEL-SKY', 'Farah Amalia', 'Dealer Jakarta', 'Tangerang', 'TRK-MN-00005', 'DELIVERED', 'Tangerang', '2026-05-11', '2026-05-06 15:00:00');
INSERT INTO tracking_events (tracking_number, status, location, note, created_at) VALUES ('TRK-MN-00005', 'CREATED', 'Hub 1', 'Status created tercatat', '2026-05-06 16:00:00');
INSERT INTO tracking_events (tracking_number, status, location, note, created_at) VALUES ('TRK-MN-00005', 'PICKED_UP', 'Hub 2', 'Status picked_up tercatat', '2026-05-06 17:00:00');
INSERT INTO tracking_events (tracking_number, status, location, note, created_at) VALUES ('TRK-MN-00005', 'ON_DELIVERY', 'Hub 3', 'Status on_delivery tercatat', '2026-05-06 18:00:00');
INSERT INTO tracking_events (tracking_number, status, location, note, created_at) VALUES ('TRK-MN-00005', 'DELIVERED', 'Tangerang', 'Status delivered tercatat', '2026-05-06 19:00:00');
INSERT INTO delivery_shipments (shipment_global_id, order_global_id, delivery_code, buyer_name, origin_city, destination_city, tracking_number, shipment_status, current_location, estimated_arrival, created_at) VALUES ('SHIP-00006', 'ORD-MN-20260006', 'DEL-NEO', 'Raka Pratama', 'Dealer Tangerang', 'Jakarta', 'TRK-MN-00006', 'ON_DELIVERY', 'Distribution Hub', '2026-05-12', '2026-05-07 16:00:00');
INSERT INTO tracking_events (tracking_number, status, location, note, created_at) VALUES ('TRK-MN-00006', 'CREATED', 'Hub 1', 'Status created tercatat', '2026-05-07 17:00:00');
INSERT INTO tracking_events (tracking_number, status, location, note, created_at) VALUES ('TRK-MN-00006', 'PICKED_UP', 'Hub 2', 'Status picked_up tercatat', '2026-05-07 18:00:00');
INSERT INTO tracking_events (tracking_number, status, location, note, created_at) VALUES ('TRK-MN-00006', 'ON_DELIVERY', 'Hub 3', 'Status on_delivery tercatat', '2026-05-07 19:00:00');
INSERT INTO delivery_shipments (shipment_global_id, order_global_id, delivery_code, buyer_name, origin_city, destination_city, tracking_number, shipment_status, current_location, estimated_arrival, created_at) VALUES ('SHIP-00007', 'ORD-MN-20260007', 'DEL-ORI', 'Citra Lestari', 'Dealer Jakarta', 'Semarang', 'TRK-MN-00007', 'READY_TO_SHIP', 'Distribution Hub', '2026-05-13', '2026-05-08 17:00:00');
INSERT INTO tracking_events (tracking_number, status, location, note, created_at) VALUES ('TRK-MN-00007', 'CREATED', 'Hub 1', 'Status created tercatat', '2026-05-08 18:00:00');
INSERT INTO tracking_events (tracking_number, status, location, note, created_at) VALUES ('TRK-MN-00007', 'PICKED_UP', 'Hub 2', 'Status picked_up tercatat', '2026-05-08 19:00:00');
INSERT INTO tracking_events (tracking_number, status, location, note, created_at) VALUES ('TRK-MN-00007', 'ON_DELIVERY', 'Hub 3', 'Status on_delivery tercatat', '2026-05-08 20:00:00');
INSERT INTO delivery_shipments (shipment_global_id, order_global_id, delivery_code, buyer_name, origin_city, destination_city, tracking_number, shipment_status, current_location, estimated_arrival, created_at) VALUES ('SHIP-00008', 'ORD-MN-20260008', 'DEL-SKY', 'Anne Melanika', 'Dealer Surabaya', 'Yogyakarta', 'TRK-MN-00008', 'DELIVERED', 'Yogyakarta', '2026-05-14', '2026-05-09 10:00:00');
INSERT INTO tracking_events (tracking_number, status, location, note, created_at) VALUES ('TRK-MN-00008', 'CREATED', 'Hub 1', 'Status created tercatat', '2026-05-09 11:00:00');
INSERT INTO tracking_events (tracking_number, status, location, note, created_at) VALUES ('TRK-MN-00008', 'PICKED_UP', 'Hub 2', 'Status picked_up tercatat', '2026-05-09 12:00:00');
INSERT INTO tracking_events (tracking_number, status, location, note, created_at) VALUES ('TRK-MN-00008', 'ON_DELIVERY', 'Hub 3', 'Status on_delivery tercatat', '2026-05-09 13:00:00');
INSERT INTO tracking_events (tracking_number, status, location, note, created_at) VALUES ('TRK-MN-00008', 'DELIVERED', 'Yogyakarta', 'Status delivered tercatat', '2026-05-09 14:00:00');
INSERT INTO delivery_shipments (shipment_global_id, order_global_id, delivery_code, buyer_name, origin_city, destination_city, tracking_number, shipment_status, current_location, estimated_arrival, created_at) VALUES ('SHIP-00009', 'ORD-MN-20260009', 'DEL-NEO', 'Nadia Putri', 'Dealer Bekasi', 'Bandung', 'TRK-MN-00009', 'DELIVERED', 'Bandung', '2026-05-15', '2026-05-10 11:00:00');
INSERT INTO tracking_events (tracking_number, status, location, note, created_at) VALUES ('TRK-MN-00009', 'CREATED', 'Hub 1', 'Status created tercatat', '2026-05-10 12:00:00');
INSERT INTO tracking_events (tracking_number, status, location, note, created_at) VALUES ('TRK-MN-00009', 'PICKED_UP', 'Hub 2', 'Status picked_up tercatat', '2026-05-10 13:00:00');
INSERT INTO tracking_events (tracking_number, status, location, note, created_at) VALUES ('TRK-MN-00009', 'ON_DELIVERY', 'Hub 3', 'Status on_delivery tercatat', '2026-05-10 14:00:00');
INSERT INTO tracking_events (tracking_number, status, location, note, created_at) VALUES ('TRK-MN-00009', 'DELIVERED', 'Bandung', 'Status delivered tercatat', '2026-05-10 15:00:00');
INSERT INTO delivery_shipments (shipment_global_id, order_global_id, delivery_code, buyer_name, origin_city, destination_city, tracking_number, shipment_status, current_location, estimated_arrival, created_at) VALUES ('SHIP-00010', 'ORD-MN-20260010', 'DEL-ORI', 'Dimas Arya', 'Dealer Bandung', 'Bekasi', 'TRK-MN-00010', 'DELIVERED', 'Bekasi', '2026-05-16', '2026-05-11 12:00:00');
INSERT INTO tracking_events (tracking_number, status, location, note, created_at) VALUES ('TRK-MN-00010', 'CREATED', 'Hub 1', 'Status created tercatat', '2026-05-11 13:00:00');
INSERT INTO tracking_events (tracking_number, status, location, note, created_at) VALUES ('TRK-MN-00010', 'PICKED_UP', 'Hub 2', 'Status picked_up tercatat', '2026-05-11 14:00:00');
INSERT INTO tracking_events (tracking_number, status, location, note, created_at) VALUES ('TRK-MN-00010', 'ON_DELIVERY', 'Hub 3', 'Status on_delivery tercatat', '2026-05-11 15:00:00');
INSERT INTO tracking_events (tracking_number, status, location, note, created_at) VALUES ('TRK-MN-00010', 'DELIVERED', 'Bekasi', 'Status delivered tercatat', '2026-05-11 16:00:00');
INSERT INTO delivery_shipments (shipment_global_id, order_global_id, delivery_code, buyer_name, origin_city, destination_city, tracking_number, shipment_status, current_location, estimated_arrival, created_at) VALUES ('SHIP-00011', 'ORD-MN-20260011', 'DEL-SKY', 'Soni Mahardika', 'Dealer Semarang', 'Sleman', 'TRK-MN-00011', 'ON_DELIVERY', 'Distribution Hub', '2026-05-17', '2026-05-12 13:00:00');
INSERT INTO tracking_events (tracking_number, status, location, note, created_at) VALUES ('TRK-MN-00011', 'CREATED', 'Hub 1', 'Status created tercatat', '2026-05-12 14:00:00');
INSERT INTO tracking_events (tracking_number, status, location, note, created_at) VALUES ('TRK-MN-00011', 'PICKED_UP', 'Hub 2', 'Status picked_up tercatat', '2026-05-12 15:00:00');
INSERT INTO tracking_events (tracking_number, status, location, note, created_at) VALUES ('TRK-MN-00011', 'ON_DELIVERY', 'Hub 3', 'Status on_delivery tercatat', '2026-05-12 16:00:00');
INSERT INTO delivery_shipments (shipment_global_id, order_global_id, delivery_code, buyer_name, origin_city, destination_city, tracking_number, shipment_status, current_location, estimated_arrival, created_at) VALUES ('SHIP-00012', 'ORD-MN-20260012', 'DEL-NEO', 'Bima Saputra', 'Dealer Bandung', 'Surabaya', 'TRK-MN-00012', 'READY_TO_SHIP', 'Distribution Hub', '2026-05-18', '2026-05-13 14:00:00');
INSERT INTO tracking_events (tracking_number, status, location, note, created_at) VALUES ('TRK-MN-00012', 'CREATED', 'Hub 1', 'Status created tercatat', '2026-05-13 15:00:00');
INSERT INTO tracking_events (tracking_number, status, location, note, created_at) VALUES ('TRK-MN-00012', 'PICKED_UP', 'Hub 2', 'Status picked_up tercatat', '2026-05-13 16:00:00');
INSERT INTO tracking_events (tracking_number, status, location, note, created_at) VALUES ('TRK-MN-00012', 'ON_DELIVERY', 'Hub 3', 'Status on_delivery tercatat', '2026-05-13 17:00:00');
INSERT INTO delivery_shipments (shipment_global_id, order_global_id, delivery_code, buyer_name, origin_city, destination_city, tracking_number, shipment_status, current_location, estimated_arrival, created_at) VALUES ('SHIP-00013', 'ORD-MN-20260013', 'DEL-ORI', 'Farah Amalia', 'Dealer Tangerang', 'Tangerang', 'TRK-MN-00013', 'DELIVERED', 'Tangerang', '2026-05-19', '2026-05-14 15:00:00');
INSERT INTO tracking_events (tracking_number, status, location, note, created_at) VALUES ('TRK-MN-00013', 'CREATED', 'Hub 1', 'Status created tercatat', '2026-05-14 16:00:00');
INSERT INTO tracking_events (tracking_number, status, location, note, created_at) VALUES ('TRK-MN-00013', 'PICKED_UP', 'Hub 2', 'Status picked_up tercatat', '2026-05-14 17:00:00');
INSERT INTO tracking_events (tracking_number, status, location, note, created_at) VALUES ('TRK-MN-00013', 'ON_DELIVERY', 'Hub 3', 'Status on_delivery tercatat', '2026-05-14 18:00:00');
INSERT INTO tracking_events (tracking_number, status, location, note, created_at) VALUES ('TRK-MN-00013', 'DELIVERED', 'Tangerang', 'Status delivered tercatat', '2026-05-14 19:00:00');
INSERT INTO delivery_shipments (shipment_global_id, order_global_id, delivery_code, buyer_name, origin_city, destination_city, tracking_number, shipment_status, current_location, estimated_arrival, created_at) VALUES ('SHIP-00014', 'ORD-MN-20260014', 'DEL-SKY', 'Raka Pratama', 'Dealer Jakarta', 'Jakarta', 'TRK-MN-00014', 'DELIVERED', 'Jakarta', '2026-05-20', '2026-05-15 16:00:00');
INSERT INTO tracking_events (tracking_number, status, location, note, created_at) VALUES ('TRK-MN-00014', 'CREATED', 'Hub 1', 'Status created tercatat', '2026-05-15 17:00:00');
INSERT INTO tracking_events (tracking_number, status, location, note, created_at) VALUES ('TRK-MN-00014', 'PICKED_UP', 'Hub 2', 'Status picked_up tercatat', '2026-05-15 18:00:00');
INSERT INTO tracking_events (tracking_number, status, location, note, created_at) VALUES ('TRK-MN-00014', 'ON_DELIVERY', 'Hub 3', 'Status on_delivery tercatat', '2026-05-15 19:00:00');
INSERT INTO tracking_events (tracking_number, status, location, note, created_at) VALUES ('TRK-MN-00014', 'DELIVERED', 'Jakarta', 'Status delivered tercatat', '2026-05-15 20:00:00');
INSERT INTO delivery_shipments (shipment_global_id, order_global_id, delivery_code, buyer_name, origin_city, destination_city, tracking_number, shipment_status, current_location, estimated_arrival, created_at) VALUES ('SHIP-00015', 'ORD-MN-20260015', 'DEL-NEO', 'Citra Lestari', 'Dealer Surabaya', 'Semarang', 'TRK-MN-00015', 'DELIVERED', 'Semarang', '2026-05-21', '2026-05-16 17:00:00');
INSERT INTO tracking_events (tracking_number, status, location, note, created_at) VALUES ('TRK-MN-00015', 'CREATED', 'Hub 1', 'Status created tercatat', '2026-05-16 18:00:00');
INSERT INTO tracking_events (tracking_number, status, location, note, created_at) VALUES ('TRK-MN-00015', 'PICKED_UP', 'Hub 2', 'Status picked_up tercatat', '2026-05-16 19:00:00');
INSERT INTO tracking_events (tracking_number, status, location, note, created_at) VALUES ('TRK-MN-00015', 'ON_DELIVERY', 'Hub 3', 'Status on_delivery tercatat', '2026-05-16 20:00:00');
INSERT INTO tracking_events (tracking_number, status, location, note, created_at) VALUES ('TRK-MN-00015', 'DELIVERED', 'Semarang', 'Status delivered tercatat', '2026-05-16 21:00:00');
INSERT INTO delivery_shipments (shipment_global_id, order_global_id, delivery_code, buyer_name, origin_city, destination_city, tracking_number, shipment_status, current_location, estimated_arrival, created_at) VALUES ('SHIP-00016', 'ORD-MN-20260016', 'DEL-ORI', 'Anne Melanika', 'Dealer Jakarta', 'Yogyakarta', 'TRK-MN-00016', 'ON_DELIVERY', 'Distribution Hub', '2026-05-22', '2026-05-17 10:00:00');
INSERT INTO tracking_events (tracking_number, status, location, note, created_at) VALUES ('TRK-MN-00016', 'CREATED', 'Hub 1', 'Status created tercatat', '2026-05-17 11:00:00');
INSERT INTO tracking_events (tracking_number, status, location, note, created_at) VALUES ('TRK-MN-00016', 'PICKED_UP', 'Hub 2', 'Status picked_up tercatat', '2026-05-17 12:00:00');
INSERT INTO tracking_events (tracking_number, status, location, note, created_at) VALUES ('TRK-MN-00016', 'ON_DELIVERY', 'Hub 3', 'Status on_delivery tercatat', '2026-05-17 13:00:00');
INSERT INTO delivery_shipments (shipment_global_id, order_global_id, delivery_code, buyer_name, origin_city, destination_city, tracking_number, shipment_status, current_location, estimated_arrival, created_at) VALUES ('SHIP-00017', 'ORD-MN-20260017', 'DEL-SKY', 'Nadia Putri', 'Dealer Surabaya', 'Bandung', 'TRK-MN-00017', 'READY_TO_SHIP', 'Distribution Hub', '2026-05-23', '2026-05-18 11:00:00');
INSERT INTO tracking_events (tracking_number, status, location, note, created_at) VALUES ('TRK-MN-00017', 'CREATED', 'Hub 1', 'Status created tercatat', '2026-05-18 12:00:00');
INSERT INTO tracking_events (tracking_number, status, location, note, created_at) VALUES ('TRK-MN-00017', 'PICKED_UP', 'Hub 2', 'Status picked_up tercatat', '2026-05-18 13:00:00');
INSERT INTO tracking_events (tracking_number, status, location, note, created_at) VALUES ('TRK-MN-00017', 'ON_DELIVERY', 'Hub 3', 'Status on_delivery tercatat', '2026-05-18 14:00:00');
INSERT INTO delivery_shipments (shipment_global_id, order_global_id, delivery_code, buyer_name, origin_city, destination_city, tracking_number, shipment_status, current_location, estimated_arrival, created_at) VALUES ('SHIP-00018', 'ORD-MN-20260018', 'DEL-NEO', 'Dimas Arya', 'Dealer Bekasi', 'Bekasi', 'TRK-MN-00018', 'DELIVERED', 'Bekasi', '2026-05-24', '2026-05-19 12:00:00');
INSERT INTO tracking_events (tracking_number, status, location, note, created_at) VALUES ('TRK-MN-00018', 'CREATED', 'Hub 1', 'Status created tercatat', '2026-05-19 13:00:00');
INSERT INTO tracking_events (tracking_number, status, location, note, created_at) VALUES ('TRK-MN-00018', 'PICKED_UP', 'Hub 2', 'Status picked_up tercatat', '2026-05-19 14:00:00');
INSERT INTO tracking_events (tracking_number, status, location, note, created_at) VALUES ('TRK-MN-00018', 'ON_DELIVERY', 'Hub 3', 'Status on_delivery tercatat', '2026-05-19 15:00:00');
INSERT INTO tracking_events (tracking_number, status, location, note, created_at) VALUES ('TRK-MN-00018', 'DELIVERED', 'Bekasi', 'Status delivered tercatat', '2026-05-19 16:00:00');
INSERT INTO delivery_shipments (shipment_global_id, order_global_id, delivery_code, buyer_name, origin_city, destination_city, tracking_number, shipment_status, current_location, estimated_arrival, created_at) VALUES ('SHIP-00019', 'ORD-MN-20260019', 'DEL-ORI', 'Soni Mahardika', 'Dealer Bandung', 'Sleman', 'TRK-MN-00019', 'DELIVERED', 'Sleman', '2026-05-25', '2026-05-20 13:00:00');
INSERT INTO tracking_events (tracking_number, status, location, note, created_at) VALUES ('TRK-MN-00019', 'CREATED', 'Hub 1', 'Status created tercatat', '2026-05-20 14:00:00');
INSERT INTO tracking_events (tracking_number, status, location, note, created_at) VALUES ('TRK-MN-00019', 'PICKED_UP', 'Hub 2', 'Status picked_up tercatat', '2026-05-20 15:00:00');
INSERT INTO tracking_events (tracking_number, status, location, note, created_at) VALUES ('TRK-MN-00019', 'ON_DELIVERY', 'Hub 3', 'Status on_delivery tercatat', '2026-05-20 16:00:00');
INSERT INTO tracking_events (tracking_number, status, location, note, created_at) VALUES ('TRK-MN-00019', 'DELIVERED', 'Sleman', 'Status delivered tercatat', '2026-05-20 17:00:00');
INSERT INTO delivery_shipments (shipment_global_id, order_global_id, delivery_code, buyer_name, origin_city, destination_city, tracking_number, shipment_status, current_location, estimated_arrival, created_at) VALUES ('SHIP-00020', 'ORD-MN-20260020', 'DEL-SKY', 'Bima Saputra', 'Dealer Semarang', 'Surabaya', 'TRK-MN-00020', 'DELIVERED', 'Surabaya', '2026-05-26', '2026-05-21 14:00:00');
INSERT INTO tracking_events (tracking_number, status, location, note, created_at) VALUES ('TRK-MN-00020', 'CREATED', 'Hub 1', 'Status created tercatat', '2026-05-21 15:00:00');
INSERT INTO tracking_events (tracking_number, status, location, note, created_at) VALUES ('TRK-MN-00020', 'PICKED_UP', 'Hub 2', 'Status picked_up tercatat', '2026-05-21 16:00:00');
INSERT INTO tracking_events (tracking_number, status, location, note, created_at) VALUES ('TRK-MN-00020', 'ON_DELIVERY', 'Hub 3', 'Status on_delivery tercatat', '2026-05-21 17:00:00');
INSERT INTO tracking_events (tracking_number, status, location, note, created_at) VALUES ('TRK-MN-00020', 'DELIVERED', 'Surabaya', 'Status delivered tercatat', '2026-05-21 18:00:00');
INSERT INTO delivery_shipments (shipment_global_id, order_global_id, delivery_code, buyer_name, origin_city, destination_city, tracking_number, shipment_status, current_location, estimated_arrival, created_at) VALUES ('SHIP-00021', 'ORD-MN-20260021', 'DEL-NEO', 'Farah Amalia', 'Dealer Jakarta', 'Tangerang', 'TRK-MN-00021', 'ON_DELIVERY', 'Distribution Hub', '2026-05-27', '2026-05-22 15:00:00');
INSERT INTO tracking_events (tracking_number, status, location, note, created_at) VALUES ('TRK-MN-00021', 'CREATED', 'Hub 1', 'Status created tercatat', '2026-05-22 16:00:00');
INSERT INTO tracking_events (tracking_number, status, location, note, created_at) VALUES ('TRK-MN-00021', 'PICKED_UP', 'Hub 2', 'Status picked_up tercatat', '2026-05-22 17:00:00');
INSERT INTO tracking_events (tracking_number, status, location, note, created_at) VALUES ('TRK-MN-00021', 'ON_DELIVERY', 'Hub 3', 'Status on_delivery tercatat', '2026-05-22 18:00:00');
INSERT INTO delivery_shipments (shipment_global_id, order_global_id, delivery_code, buyer_name, origin_city, destination_city, tracking_number, shipment_status, current_location, estimated_arrival, created_at) VALUES ('SHIP-00022', 'ORD-MN-20260022', 'DEL-ORI', 'Raka Pratama', 'Dealer Tangerang', 'Jakarta', 'TRK-MN-00022', 'READY_TO_SHIP', 'Distribution Hub', '2026-05-28', '2026-05-23 16:00:00');
INSERT INTO tracking_events (tracking_number, status, location, note, created_at) VALUES ('TRK-MN-00022', 'CREATED', 'Hub 1', 'Status created tercatat', '2026-05-23 17:00:00');
INSERT INTO tracking_events (tracking_number, status, location, note, created_at) VALUES ('TRK-MN-00022', 'PICKED_UP', 'Hub 2', 'Status picked_up tercatat', '2026-05-23 18:00:00');
INSERT INTO tracking_events (tracking_number, status, location, note, created_at) VALUES ('TRK-MN-00022', 'ON_DELIVERY', 'Hub 3', 'Status on_delivery tercatat', '2026-05-23 19:00:00');
INSERT INTO delivery_shipments (shipment_global_id, order_global_id, delivery_code, buyer_name, origin_city, destination_city, tracking_number, shipment_status, current_location, estimated_arrival, created_at) VALUES ('SHIP-00023', 'ORD-MN-20260023', 'DEL-SKY', 'Citra Lestari', 'Dealer Jakarta', 'Semarang', 'TRK-MN-00023', 'DELIVERED', 'Semarang', '2026-05-29', '2026-05-24 17:00:00');
INSERT INTO tracking_events (tracking_number, status, location, note, created_at) VALUES ('TRK-MN-00023', 'CREATED', 'Hub 1', 'Status created tercatat', '2026-05-24 18:00:00');
INSERT INTO tracking_events (tracking_number, status, location, note, created_at) VALUES ('TRK-MN-00023', 'PICKED_UP', 'Hub 2', 'Status picked_up tercatat', '2026-05-24 19:00:00');
INSERT INTO tracking_events (tracking_number, status, location, note, created_at) VALUES ('TRK-MN-00023', 'ON_DELIVERY', 'Hub 3', 'Status on_delivery tercatat', '2026-05-24 20:00:00');
INSERT INTO tracking_events (tracking_number, status, location, note, created_at) VALUES ('TRK-MN-00023', 'DELIVERED', 'Semarang', 'Status delivered tercatat', '2026-05-24 21:00:00');
INSERT INTO delivery_shipments (shipment_global_id, order_global_id, delivery_code, buyer_name, origin_city, destination_city, tracking_number, shipment_status, current_location, estimated_arrival, created_at) VALUES ('SHIP-00024', 'ORD-MN-20260024', 'DEL-NEO', 'Anne Melanika', 'Dealer Surabaya', 'Yogyakarta', 'TRK-MN-00024', 'DELIVERED', 'Yogyakarta', '2026-05-06', '2026-05-01 10:00:00');
INSERT INTO tracking_events (tracking_number, status, location, note, created_at) VALUES ('TRK-MN-00024', 'CREATED', 'Hub 1', 'Status created tercatat', '2026-05-01 11:00:00');
INSERT INTO tracking_events (tracking_number, status, location, note, created_at) VALUES ('TRK-MN-00024', 'PICKED_UP', 'Hub 2', 'Status picked_up tercatat', '2026-05-01 12:00:00');
INSERT INTO tracking_events (tracking_number, status, location, note, created_at) VALUES ('TRK-MN-00024', 'ON_DELIVERY', 'Hub 3', 'Status on_delivery tercatat', '2026-05-01 13:00:00');
INSERT INTO tracking_events (tracking_number, status, location, note, created_at) VALUES ('TRK-MN-00024', 'DELIVERED', 'Yogyakarta', 'Status delivered tercatat', '2026-05-01 14:00:00');
INSERT INTO delivery_shipments (shipment_global_id, order_global_id, delivery_code, buyer_name, origin_city, destination_city, tracking_number, shipment_status, current_location, estimated_arrival, created_at) VALUES ('SHIP-00025', 'ORD-MN-20260025', 'DEL-ORI', 'Nadia Putri', 'Dealer Bekasi', 'Bandung', 'TRK-MN-00025', 'DELIVERED', 'Bandung', '2026-05-07', '2026-05-02 11:00:00');
INSERT INTO tracking_events (tracking_number, status, location, note, created_at) VALUES ('TRK-MN-00025', 'CREATED', 'Hub 1', 'Status created tercatat', '2026-05-02 12:00:00');
INSERT INTO tracking_events (tracking_number, status, location, note, created_at) VALUES ('TRK-MN-00025', 'PICKED_UP', 'Hub 2', 'Status picked_up tercatat', '2026-05-02 13:00:00');
INSERT INTO tracking_events (tracking_number, status, location, note, created_at) VALUES ('TRK-MN-00025', 'ON_DELIVERY', 'Hub 3', 'Status on_delivery tercatat', '2026-05-02 14:00:00');
INSERT INTO tracking_events (tracking_number, status, location, note, created_at) VALUES ('TRK-MN-00025', 'DELIVERED', 'Bandung', 'Status delivered tercatat', '2026-05-02 15:00:00');
INSERT INTO delivery_shipments (shipment_global_id, order_global_id, delivery_code, buyer_name, origin_city, destination_city, tracking_number, shipment_status, current_location, estimated_arrival, created_at) VALUES ('SHIP-00026', 'ORD-MN-20260026', 'DEL-SKY', 'Dimas Arya', 'Dealer Bandung', 'Bekasi', 'TRK-MN-00026', 'ON_DELIVERY', 'Distribution Hub', '2026-05-08', '2026-05-03 12:00:00');
INSERT INTO tracking_events (tracking_number, status, location, note, created_at) VALUES ('TRK-MN-00026', 'CREATED', 'Hub 1', 'Status created tercatat', '2026-05-03 13:00:00');
INSERT INTO tracking_events (tracking_number, status, location, note, created_at) VALUES ('TRK-MN-00026', 'PICKED_UP', 'Hub 2', 'Status picked_up tercatat', '2026-05-03 14:00:00');
INSERT INTO tracking_events (tracking_number, status, location, note, created_at) VALUES ('TRK-MN-00026', 'ON_DELIVERY', 'Hub 3', 'Status on_delivery tercatat', '2026-05-03 15:00:00');
INSERT INTO delivery_shipments (shipment_global_id, order_global_id, delivery_code, buyer_name, origin_city, destination_city, tracking_number, shipment_status, current_location, estimated_arrival, created_at) VALUES ('SHIP-00027', 'ORD-MN-20260027', 'DEL-NEO', 'Soni Mahardika', 'Dealer Semarang', 'Sleman', 'TRK-MN-00027', 'READY_TO_SHIP', 'Distribution Hub', '2026-05-09', '2026-05-04 13:00:00');
INSERT INTO tracking_events (tracking_number, status, location, note, created_at) VALUES ('TRK-MN-00027', 'CREATED', 'Hub 1', 'Status created tercatat', '2026-05-04 14:00:00');
INSERT INTO tracking_events (tracking_number, status, location, note, created_at) VALUES ('TRK-MN-00027', 'PICKED_UP', 'Hub 2', 'Status picked_up tercatat', '2026-05-04 15:00:00');
INSERT INTO tracking_events (tracking_number, status, location, note, created_at) VALUES ('TRK-MN-00027', 'ON_DELIVERY', 'Hub 3', 'Status on_delivery tercatat', '2026-05-04 16:00:00');
INSERT INTO delivery_shipments (shipment_global_id, order_global_id, delivery_code, buyer_name, origin_city, destination_city, tracking_number, shipment_status, current_location, estimated_arrival, created_at) VALUES ('SHIP-00028', 'ORD-MN-20260028', 'DEL-ORI', 'Bima Saputra', 'Dealer Bandung', 'Surabaya', 'TRK-MN-00028', 'DELIVERED', 'Surabaya', '2026-05-10', '2026-05-05 14:00:00');
INSERT INTO tracking_events (tracking_number, status, location, note, created_at) VALUES ('TRK-MN-00028', 'CREATED', 'Hub 1', 'Status created tercatat', '2026-05-05 15:00:00');
INSERT INTO tracking_events (tracking_number, status, location, note, created_at) VALUES ('TRK-MN-00028', 'PICKED_UP', 'Hub 2', 'Status picked_up tercatat', '2026-05-05 16:00:00');
INSERT INTO tracking_events (tracking_number, status, location, note, created_at) VALUES ('TRK-MN-00028', 'ON_DELIVERY', 'Hub 3', 'Status on_delivery tercatat', '2026-05-05 17:00:00');
INSERT INTO tracking_events (tracking_number, status, location, note, created_at) VALUES ('TRK-MN-00028', 'DELIVERED', 'Surabaya', 'Status delivered tercatat', '2026-05-05 18:00:00');
INSERT INTO delivery_shipments (shipment_global_id, order_global_id, delivery_code, buyer_name, origin_city, destination_city, tracking_number, shipment_status, current_location, estimated_arrival, created_at) VALUES ('SHIP-00029', 'ORD-MN-20260029', 'DEL-SKY', 'Farah Amalia', 'Dealer Tangerang', 'Tangerang', 'TRK-MN-00029', 'DELIVERED', 'Tangerang', '2026-05-11', '2026-05-06 15:00:00');
INSERT INTO tracking_events (tracking_number, status, location, note, created_at) VALUES ('TRK-MN-00029', 'CREATED', 'Hub 1', 'Status created tercatat', '2026-05-06 16:00:00');
INSERT INTO tracking_events (tracking_number, status, location, note, created_at) VALUES ('TRK-MN-00029', 'PICKED_UP', 'Hub 2', 'Status picked_up tercatat', '2026-05-06 17:00:00');
INSERT INTO tracking_events (tracking_number, status, location, note, created_at) VALUES ('TRK-MN-00029', 'ON_DELIVERY', 'Hub 3', 'Status on_delivery tercatat', '2026-05-06 18:00:00');
INSERT INTO tracking_events (tracking_number, status, location, note, created_at) VALUES ('TRK-MN-00029', 'DELIVERED', 'Tangerang', 'Status delivered tercatat', '2026-05-06 19:00:00');
INSERT INTO delivery_shipments (shipment_global_id, order_global_id, delivery_code, buyer_name, origin_city, destination_city, tracking_number, shipment_status, current_location, estimated_arrival, created_at) VALUES ('SHIP-00030', 'ORD-MN-20260030', 'DEL-NEO', 'Raka Pratama', 'Dealer Jakarta', 'Jakarta', 'TRK-MN-00030', 'DELIVERED', 'Jakarta', '2026-05-12', '2026-05-07 16:00:00');
INSERT INTO tracking_events (tracking_number, status, location, note, created_at) VALUES ('TRK-MN-00030', 'CREATED', 'Hub 1', 'Status created tercatat', '2026-05-07 17:00:00');
INSERT INTO tracking_events (tracking_number, status, location, note, created_at) VALUES ('TRK-MN-00030', 'PICKED_UP', 'Hub 2', 'Status picked_up tercatat', '2026-05-07 18:00:00');
INSERT INTO tracking_events (tracking_number, status, location, note, created_at) VALUES ('TRK-MN-00030', 'ON_DELIVERY', 'Hub 3', 'Status on_delivery tercatat', '2026-05-07 19:00:00');
INSERT INTO tracking_events (tracking_number, status, location, note, created_at) VALUES ('TRK-MN-00030', 'DELIVERED', 'Jakarta', 'Status delivered tercatat', '2026-05-07 20:00:00');
INSERT INTO delivery_shipments (shipment_global_id, order_global_id, delivery_code, buyer_name, origin_city, destination_city, tracking_number, shipment_status, current_location, estimated_arrival, created_at) VALUES ('SHIP-00031', 'ORD-MN-20260031', 'DEL-ORI', 'Citra Lestari', 'Dealer Surabaya', 'Semarang', 'TRK-MN-00031', 'ON_DELIVERY', 'Distribution Hub', '2026-05-13', '2026-05-08 17:00:00');
INSERT INTO tracking_events (tracking_number, status, location, note, created_at) VALUES ('TRK-MN-00031', 'CREATED', 'Hub 1', 'Status created tercatat', '2026-05-08 18:00:00');
INSERT INTO tracking_events (tracking_number, status, location, note, created_at) VALUES ('TRK-MN-00031', 'PICKED_UP', 'Hub 2', 'Status picked_up tercatat', '2026-05-08 19:00:00');
INSERT INTO tracking_events (tracking_number, status, location, note, created_at) VALUES ('TRK-MN-00031', 'ON_DELIVERY', 'Hub 3', 'Status on_delivery tercatat', '2026-05-08 20:00:00');
INSERT INTO delivery_shipments (shipment_global_id, order_global_id, delivery_code, buyer_name, origin_city, destination_city, tracking_number, shipment_status, current_location, estimated_arrival, created_at) VALUES ('SHIP-00032', 'ORD-MN-20260032', 'DEL-SKY', 'Anne Melanika', 'Dealer Jakarta', 'Yogyakarta', 'TRK-MN-00032', 'READY_TO_SHIP', 'Distribution Hub', '2026-05-14', '2026-05-09 10:00:00');
INSERT INTO tracking_events (tracking_number, status, location, note, created_at) VALUES ('TRK-MN-00032', 'CREATED', 'Hub 1', 'Status created tercatat', '2026-05-09 11:00:00');
INSERT INTO tracking_events (tracking_number, status, location, note, created_at) VALUES ('TRK-MN-00032', 'PICKED_UP', 'Hub 2', 'Status picked_up tercatat', '2026-05-09 12:00:00');
INSERT INTO tracking_events (tracking_number, status, location, note, created_at) VALUES ('TRK-MN-00032', 'ON_DELIVERY', 'Hub 3', 'Status on_delivery tercatat', '2026-05-09 13:00:00');
INSERT INTO delivery_shipments (shipment_global_id, order_global_id, delivery_code, buyer_name, origin_city, destination_city, tracking_number, shipment_status, current_location, estimated_arrival, created_at) VALUES ('SHIP-00033', 'ORD-MN-20260033', 'DEL-NEO', 'Nadia Putri', 'Dealer Surabaya', 'Bandung', 'TRK-MN-00033', 'DELIVERED', 'Bandung', '2026-05-15', '2026-05-10 11:00:00');
INSERT INTO tracking_events (tracking_number, status, location, note, created_at) VALUES ('TRK-MN-00033', 'CREATED', 'Hub 1', 'Status created tercatat', '2026-05-10 12:00:00');
INSERT INTO tracking_events (tracking_number, status, location, note, created_at) VALUES ('TRK-MN-00033', 'PICKED_UP', 'Hub 2', 'Status picked_up tercatat', '2026-05-10 13:00:00');
INSERT INTO tracking_events (tracking_number, status, location, note, created_at) VALUES ('TRK-MN-00033', 'ON_DELIVERY', 'Hub 3', 'Status on_delivery tercatat', '2026-05-10 14:00:00');
INSERT INTO tracking_events (tracking_number, status, location, note, created_at) VALUES ('TRK-MN-00033', 'DELIVERED', 'Bandung', 'Status delivered tercatat', '2026-05-10 15:00:00');
INSERT INTO delivery_shipments (shipment_global_id, order_global_id, delivery_code, buyer_name, origin_city, destination_city, tracking_number, shipment_status, current_location, estimated_arrival, created_at) VALUES ('SHIP-00034', 'ORD-MN-20260034', 'DEL-ORI', 'Dimas Arya', 'Dealer Bekasi', 'Bekasi', 'TRK-MN-00034', 'DELIVERED', 'Bekasi', '2026-05-16', '2026-05-11 12:00:00');
INSERT INTO tracking_events (tracking_number, status, location, note, created_at) VALUES ('TRK-MN-00034', 'CREATED', 'Hub 1', 'Status created tercatat', '2026-05-11 13:00:00');
INSERT INTO tracking_events (tracking_number, status, location, note, created_at) VALUES ('TRK-MN-00034', 'PICKED_UP', 'Hub 2', 'Status picked_up tercatat', '2026-05-11 14:00:00');
INSERT INTO tracking_events (tracking_number, status, location, note, created_at) VALUES ('TRK-MN-00034', 'ON_DELIVERY', 'Hub 3', 'Status on_delivery tercatat', '2026-05-11 15:00:00');
INSERT INTO tracking_events (tracking_number, status, location, note, created_at) VALUES ('TRK-MN-00034', 'DELIVERED', 'Bekasi', 'Status delivered tercatat', '2026-05-11 16:00:00');
INSERT INTO delivery_shipments (shipment_global_id, order_global_id, delivery_code, buyer_name, origin_city, destination_city, tracking_number, shipment_status, current_location, estimated_arrival, created_at) VALUES ('SHIP-00035', 'ORD-MN-20260035', 'DEL-SKY', 'Soni Mahardika', 'Dealer Bandung', 'Sleman', 'TRK-MN-00035', 'DELIVERED', 'Sleman', '2026-05-17', '2026-05-12 13:00:00');
INSERT INTO tracking_events (tracking_number, status, location, note, created_at) VALUES ('TRK-MN-00035', 'CREATED', 'Hub 1', 'Status created tercatat', '2026-05-12 14:00:00');
INSERT INTO tracking_events (tracking_number, status, location, note, created_at) VALUES ('TRK-MN-00035', 'PICKED_UP', 'Hub 2', 'Status picked_up tercatat', '2026-05-12 15:00:00');
INSERT INTO tracking_events (tracking_number, status, location, note, created_at) VALUES ('TRK-MN-00035', 'ON_DELIVERY', 'Hub 3', 'Status on_delivery tercatat', '2026-05-12 16:00:00');
INSERT INTO tracking_events (tracking_number, status, location, note, created_at) VALUES ('TRK-MN-00035', 'DELIVERED', 'Sleman', 'Status delivered tercatat', '2026-05-12 17:00:00');
INSERT INTO delivery_shipments (shipment_global_id, order_global_id, delivery_code, buyer_name, origin_city, destination_city, tracking_number, shipment_status, current_location, estimated_arrival, created_at) VALUES ('SHIP-00036', 'ORD-MN-20260036', 'DEL-NEO', 'Bima Saputra', 'Dealer Semarang', 'Surabaya', 'TRK-MN-00036', 'ON_DELIVERY', 'Distribution Hub', '2026-05-18', '2026-05-13 14:00:00');
INSERT INTO tracking_events (tracking_number, status, location, note, created_at) VALUES ('TRK-MN-00036', 'CREATED', 'Hub 1', 'Status created tercatat', '2026-05-13 15:00:00');
INSERT INTO tracking_events (tracking_number, status, location, note, created_at) VALUES ('TRK-MN-00036', 'PICKED_UP', 'Hub 2', 'Status picked_up tercatat', '2026-05-13 16:00:00');
INSERT INTO tracking_events (tracking_number, status, location, note, created_at) VALUES ('TRK-MN-00036', 'ON_DELIVERY', 'Hub 3', 'Status on_delivery tercatat', '2026-05-13 17:00:00');
INSERT INTO delivery_shipments (shipment_global_id, order_global_id, delivery_code, buyer_name, origin_city, destination_city, tracking_number, shipment_status, current_location, estimated_arrival, created_at) VALUES ('SHIP-00037', 'ORD-MN-20260037', 'DEL-ORI', 'Farah Amalia', 'Dealer Jakarta', 'Tangerang', 'TRK-MN-00037', 'READY_TO_SHIP', 'Distribution Hub', '2026-05-19', '2026-05-14 15:00:00');
INSERT INTO tracking_events (tracking_number, status, location, note, created_at) VALUES ('TRK-MN-00037', 'CREATED', 'Hub 1', 'Status created tercatat', '2026-05-14 16:00:00');
INSERT INTO tracking_events (tracking_number, status, location, note, created_at) VALUES ('TRK-MN-00037', 'PICKED_UP', 'Hub 2', 'Status picked_up tercatat', '2026-05-14 17:00:00');
INSERT INTO tracking_events (tracking_number, status, location, note, created_at) VALUES ('TRK-MN-00037', 'ON_DELIVERY', 'Hub 3', 'Status on_delivery tercatat', '2026-05-14 18:00:00');
INSERT INTO delivery_shipments (shipment_global_id, order_global_id, delivery_code, buyer_name, origin_city, destination_city, tracking_number, shipment_status, current_location, estimated_arrival, created_at) VALUES ('SHIP-00038', 'ORD-MN-20260038', 'DEL-SKY', 'Raka Pratama', 'Dealer Tangerang', 'Jakarta', 'TRK-MN-00038', 'DELIVERED', 'Jakarta', '2026-05-20', '2026-05-15 16:00:00');
INSERT INTO tracking_events (tracking_number, status, location, note, created_at) VALUES ('TRK-MN-00038', 'CREATED', 'Hub 1', 'Status created tercatat', '2026-05-15 17:00:00');
INSERT INTO tracking_events (tracking_number, status, location, note, created_at) VALUES ('TRK-MN-00038', 'PICKED_UP', 'Hub 2', 'Status picked_up tercatat', '2026-05-15 18:00:00');
INSERT INTO tracking_events (tracking_number, status, location, note, created_at) VALUES ('TRK-MN-00038', 'ON_DELIVERY', 'Hub 3', 'Status on_delivery tercatat', '2026-05-15 19:00:00');
INSERT INTO tracking_events (tracking_number, status, location, note, created_at) VALUES ('TRK-MN-00038', 'DELIVERED', 'Jakarta', 'Status delivered tercatat', '2026-05-15 20:00:00');
INSERT INTO delivery_shipments (shipment_global_id, order_global_id, delivery_code, buyer_name, origin_city, destination_city, tracking_number, shipment_status, current_location, estimated_arrival, created_at) VALUES ('SHIP-00039', 'ORD-MN-20260039', 'DEL-NEO', 'Citra Lestari', 'Dealer Jakarta', 'Semarang', 'TRK-MN-00039', 'DELIVERED', 'Semarang', '2026-05-21', '2026-05-16 17:00:00');
INSERT INTO tracking_events (tracking_number, status, location, note, created_at) VALUES ('TRK-MN-00039', 'CREATED', 'Hub 1', 'Status created tercatat', '2026-05-16 18:00:00');
INSERT INTO tracking_events (tracking_number, status, location, note, created_at) VALUES ('TRK-MN-00039', 'PICKED_UP', 'Hub 2', 'Status picked_up tercatat', '2026-05-16 19:00:00');
INSERT INTO tracking_events (tracking_number, status, location, note, created_at) VALUES ('TRK-MN-00039', 'ON_DELIVERY', 'Hub 3', 'Status on_delivery tercatat', '2026-05-16 20:00:00');
INSERT INTO tracking_events (tracking_number, status, location, note, created_at) VALUES ('TRK-MN-00039', 'DELIVERED', 'Semarang', 'Status delivered tercatat', '2026-05-16 21:00:00');
INSERT INTO delivery_shipments (shipment_global_id, order_global_id, delivery_code, buyer_name, origin_city, destination_city, tracking_number, shipment_status, current_location, estimated_arrival, created_at) VALUES ('SHIP-00040', 'ORD-MN-20260040', 'DEL-ORI', 'Anne Melanika', 'Dealer Surabaya', 'Yogyakarta', 'TRK-MN-00040', 'DELIVERED', 'Yogyakarta', '2026-05-22', '2026-05-17 10:00:00');
INSERT INTO tracking_events (tracking_number, status, location, note, created_at) VALUES ('TRK-MN-00040', 'CREATED', 'Hub 1', 'Status created tercatat', '2026-05-17 11:00:00');
INSERT INTO tracking_events (tracking_number, status, location, note, created_at) VALUES ('TRK-MN-00040', 'PICKED_UP', 'Hub 2', 'Status picked_up tercatat', '2026-05-17 12:00:00');
INSERT INTO tracking_events (tracking_number, status, location, note, created_at) VALUES ('TRK-MN-00040', 'ON_DELIVERY', 'Hub 3', 'Status on_delivery tercatat', '2026-05-17 13:00:00');
INSERT INTO tracking_events (tracking_number, status, location, note, created_at) VALUES ('TRK-MN-00040', 'DELIVERED', 'Yogyakarta', 'Status delivered tercatat', '2026-05-17 14:00:00');
INSERT INTO delivery_shipments (shipment_global_id, order_global_id, delivery_code, buyer_name, origin_city, destination_city, tracking_number, shipment_status, current_location, estimated_arrival, created_at) VALUES ('SHIP-00041', 'ORD-MN-20260041', 'DEL-SKY', 'Nadia Putri', 'Dealer Bekasi', 'Bandung', 'TRK-MN-00041', 'ON_DELIVERY', 'Distribution Hub', '2026-05-23', '2026-05-18 11:00:00');
INSERT INTO tracking_events (tracking_number, status, location, note, created_at) VALUES ('TRK-MN-00041', 'CREATED', 'Hub 1', 'Status created tercatat', '2026-05-18 12:00:00');
INSERT INTO tracking_events (tracking_number, status, location, note, created_at) VALUES ('TRK-MN-00041', 'PICKED_UP', 'Hub 2', 'Status picked_up tercatat', '2026-05-18 13:00:00');
INSERT INTO tracking_events (tracking_number, status, location, note, created_at) VALUES ('TRK-MN-00041', 'ON_DELIVERY', 'Hub 3', 'Status on_delivery tercatat', '2026-05-18 14:00:00');
INSERT INTO delivery_shipments (shipment_global_id, order_global_id, delivery_code, buyer_name, origin_city, destination_city, tracking_number, shipment_status, current_location, estimated_arrival, created_at) VALUES ('SHIP-00042', 'ORD-MN-20260042', 'DEL-NEO', 'Dimas Arya', 'Dealer Bandung', 'Bekasi', 'TRK-MN-00042', 'READY_TO_SHIP', 'Distribution Hub', '2026-05-24', '2026-05-19 12:00:00');
INSERT INTO tracking_events (tracking_number, status, location, note, created_at) VALUES ('TRK-MN-00042', 'CREATED', 'Hub 1', 'Status created tercatat', '2026-05-19 13:00:00');
INSERT INTO tracking_events (tracking_number, status, location, note, created_at) VALUES ('TRK-MN-00042', 'PICKED_UP', 'Hub 2', 'Status picked_up tercatat', '2026-05-19 14:00:00');
INSERT INTO tracking_events (tracking_number, status, location, note, created_at) VALUES ('TRK-MN-00042', 'ON_DELIVERY', 'Hub 3', 'Status on_delivery tercatat', '2026-05-19 15:00:00');
INSERT INTO delivery_shipments (shipment_global_id, order_global_id, delivery_code, buyer_name, origin_city, destination_city, tracking_number, shipment_status, current_location, estimated_arrival, created_at) VALUES ('SHIP-00043', 'ORD-MN-20260043', 'DEL-ORI', 'Soni Mahardika', 'Dealer Semarang', 'Sleman', 'TRK-MN-00043', 'DELIVERED', 'Sleman', '2026-05-25', '2026-05-20 13:00:00');
INSERT INTO tracking_events (tracking_number, status, location, note, created_at) VALUES ('TRK-MN-00043', 'CREATED', 'Hub 1', 'Status created tercatat', '2026-05-20 14:00:00');
INSERT INTO tracking_events (tracking_number, status, location, note, created_at) VALUES ('TRK-MN-00043', 'PICKED_UP', 'Hub 2', 'Status picked_up tercatat', '2026-05-20 15:00:00');
INSERT INTO tracking_events (tracking_number, status, location, note, created_at) VALUES ('TRK-MN-00043', 'ON_DELIVERY', 'Hub 3', 'Status on_delivery tercatat', '2026-05-20 16:00:00');
INSERT INTO tracking_events (tracking_number, status, location, note, created_at) VALUES ('TRK-MN-00043', 'DELIVERED', 'Sleman', 'Status delivered tercatat', '2026-05-20 17:00:00');
INSERT INTO delivery_shipments (shipment_global_id, order_global_id, delivery_code, buyer_name, origin_city, destination_city, tracking_number, shipment_status, current_location, estimated_arrival, created_at) VALUES ('SHIP-00044', 'ORD-MN-20260044', 'DEL-SKY', 'Bima Saputra', 'Dealer Bandung', 'Surabaya', 'TRK-MN-00044', 'DELIVERED', 'Surabaya', '2026-05-26', '2026-05-21 14:00:00');
INSERT INTO tracking_events (tracking_number, status, location, note, created_at) VALUES ('TRK-MN-00044', 'CREATED', 'Hub 1', 'Status created tercatat', '2026-05-21 15:00:00');
INSERT INTO tracking_events (tracking_number, status, location, note, created_at) VALUES ('TRK-MN-00044', 'PICKED_UP', 'Hub 2', 'Status picked_up tercatat', '2026-05-21 16:00:00');
INSERT INTO tracking_events (tracking_number, status, location, note, created_at) VALUES ('TRK-MN-00044', 'ON_DELIVERY', 'Hub 3', 'Status on_delivery tercatat', '2026-05-21 17:00:00');
INSERT INTO tracking_events (tracking_number, status, location, note, created_at) VALUES ('TRK-MN-00044', 'DELIVERED', 'Surabaya', 'Status delivered tercatat', '2026-05-21 18:00:00');
INSERT INTO delivery_shipments (shipment_global_id, order_global_id, delivery_code, buyer_name, origin_city, destination_city, tracking_number, shipment_status, current_location, estimated_arrival, created_at) VALUES ('SHIP-00045', 'ORD-MN-20260045', 'DEL-NEO', 'Farah Amalia', 'Dealer Tangerang', 'Tangerang', 'TRK-MN-00045', 'DELIVERED', 'Tangerang', '2026-05-27', '2026-05-22 15:00:00');
INSERT INTO tracking_events (tracking_number, status, location, note, created_at) VALUES ('TRK-MN-00045', 'CREATED', 'Hub 1', 'Status created tercatat', '2026-05-22 16:00:00');
INSERT INTO tracking_events (tracking_number, status, location, note, created_at) VALUES ('TRK-MN-00045', 'PICKED_UP', 'Hub 2', 'Status picked_up tercatat', '2026-05-22 17:00:00');
INSERT INTO tracking_events (tracking_number, status, location, note, created_at) VALUES ('TRK-MN-00045', 'ON_DELIVERY', 'Hub 3', 'Status on_delivery tercatat', '2026-05-22 18:00:00');
INSERT INTO tracking_events (tracking_number, status, location, note, created_at) VALUES ('TRK-MN-00045', 'DELIVERED', 'Tangerang', 'Status delivered tercatat', '2026-05-22 19:00:00');
INSERT INTO delivery_shipments (shipment_global_id, order_global_id, delivery_code, buyer_name, origin_city, destination_city, tracking_number, shipment_status, current_location, estimated_arrival, created_at) VALUES ('SHIP-00046', 'ORD-MN-20260046', 'DEL-ORI', 'Raka Pratama', 'Dealer Jakarta', 'Jakarta', 'TRK-MN-00046', 'ON_DELIVERY', 'Distribution Hub', '2026-05-28', '2026-05-23 16:00:00');
INSERT INTO tracking_events (tracking_number, status, location, note, created_at) VALUES ('TRK-MN-00046', 'CREATED', 'Hub 1', 'Status created tercatat', '2026-05-23 17:00:00');
INSERT INTO tracking_events (tracking_number, status, location, note, created_at) VALUES ('TRK-MN-00046', 'PICKED_UP', 'Hub 2', 'Status picked_up tercatat', '2026-05-23 18:00:00');
INSERT INTO tracking_events (tracking_number, status, location, note, created_at) VALUES ('TRK-MN-00046', 'ON_DELIVERY', 'Hub 3', 'Status on_delivery tercatat', '2026-05-23 19:00:00');
INSERT INTO delivery_shipments (shipment_global_id, order_global_id, delivery_code, buyer_name, origin_city, destination_city, tracking_number, shipment_status, current_location, estimated_arrival, created_at) VALUES ('SHIP-00047', 'ORD-MN-20260047', 'DEL-SKY', 'Citra Lestari', 'Dealer Surabaya', 'Semarang', 'TRK-MN-00047', 'READY_TO_SHIP', 'Distribution Hub', '2026-05-29', '2026-05-24 17:00:00');
INSERT INTO tracking_events (tracking_number, status, location, note, created_at) VALUES ('TRK-MN-00047', 'CREATED', 'Hub 1', 'Status created tercatat', '2026-05-24 18:00:00');
INSERT INTO tracking_events (tracking_number, status, location, note, created_at) VALUES ('TRK-MN-00047', 'PICKED_UP', 'Hub 2', 'Status picked_up tercatat', '2026-05-24 19:00:00');
INSERT INTO tracking_events (tracking_number, status, location, note, created_at) VALUES ('TRK-MN-00047', 'ON_DELIVERY', 'Hub 3', 'Status on_delivery tercatat', '2026-05-24 20:00:00');
INSERT INTO delivery_shipments (shipment_global_id, order_global_id, delivery_code, buyer_name, origin_city, destination_city, tracking_number, shipment_status, current_location, estimated_arrival, created_at) VALUES ('SHIP-00048', 'ORD-MN-20260048', 'DEL-NEO', 'Anne Melanika', 'Dealer Jakarta', 'Yogyakarta', 'TRK-MN-00048', 'DELIVERED', 'Yogyakarta', '2026-05-06', '2026-05-01 10:00:00');
INSERT INTO tracking_events (tracking_number, status, location, note, created_at) VALUES ('TRK-MN-00048', 'CREATED', 'Hub 1', 'Status created tercatat', '2026-05-01 11:00:00');
INSERT INTO tracking_events (tracking_number, status, location, note, created_at) VALUES ('TRK-MN-00048', 'PICKED_UP', 'Hub 2', 'Status picked_up tercatat', '2026-05-01 12:00:00');
INSERT INTO tracking_events (tracking_number, status, location, note, created_at) VALUES ('TRK-MN-00048', 'ON_DELIVERY', 'Hub 3', 'Status on_delivery tercatat', '2026-05-01 13:00:00');
INSERT INTO tracking_events (tracking_number, status, location, note, created_at) VALUES ('TRK-MN-00048', 'DELIVERED', 'Yogyakarta', 'Status delivered tercatat', '2026-05-01 14:00:00');
INSERT INTO delivery_shipments (shipment_global_id, order_global_id, delivery_code, buyer_name, origin_city, destination_city, tracking_number, shipment_status, current_location, estimated_arrival, created_at) VALUES ('SHIP-00049', 'ORD-MN-20260049', 'DEL-ORI', 'Nadia Putri', 'Dealer Surabaya', 'Bandung', 'TRK-MN-00049', 'DELIVERED', 'Bandung', '2026-05-07', '2026-05-02 11:00:00');
INSERT INTO tracking_events (tracking_number, status, location, note, created_at) VALUES ('TRK-MN-00049', 'CREATED', 'Hub 1', 'Status created tercatat', '2026-05-02 12:00:00');
INSERT INTO tracking_events (tracking_number, status, location, note, created_at) VALUES ('TRK-MN-00049', 'PICKED_UP', 'Hub 2', 'Status picked_up tercatat', '2026-05-02 13:00:00');
INSERT INTO tracking_events (tracking_number, status, location, note, created_at) VALUES ('TRK-MN-00049', 'ON_DELIVERY', 'Hub 3', 'Status on_delivery tercatat', '2026-05-02 14:00:00');
INSERT INTO tracking_events (tracking_number, status, location, note, created_at) VALUES ('TRK-MN-00049', 'DELIVERED', 'Bandung', 'Status delivered tercatat', '2026-05-02 15:00:00');
INSERT INTO delivery_shipments (shipment_global_id, order_global_id, delivery_code, buyer_name, origin_city, destination_city, tracking_number, shipment_status, current_location, estimated_arrival, created_at) VALUES ('SHIP-00050', 'ORD-MN-20260050', 'DEL-SKY', 'Dimas Arya', 'Dealer Bekasi', 'Bekasi', 'TRK-MN-00050', 'DELIVERED', 'Bekasi', '2026-05-08', '2026-05-03 12:00:00');
INSERT INTO tracking_events (tracking_number, status, location, note, created_at) VALUES ('TRK-MN-00050', 'CREATED', 'Hub 1', 'Status created tercatat', '2026-05-03 13:00:00');
INSERT INTO tracking_events (tracking_number, status, location, note, created_at) VALUES ('TRK-MN-00050', 'PICKED_UP', 'Hub 2', 'Status picked_up tercatat', '2026-05-03 14:00:00');
INSERT INTO tracking_events (tracking_number, status, location, note, created_at) VALUES ('TRK-MN-00050', 'ON_DELIVERY', 'Hub 3', 'Status on_delivery tercatat', '2026-05-03 15:00:00');
INSERT INTO tracking_events (tracking_number, status, location, note, created_at) VALUES ('TRK-MN-00050', 'DELIVERED', 'Bekasi', 'Status delivered tercatat', '2026-05-03 16:00:00');
INSERT INTO delivery_shipments (shipment_global_id, order_global_id, delivery_code, buyer_name, origin_city, destination_city, tracking_number, shipment_status, current_location, estimated_arrival, created_at) VALUES ('SHIP-00051', 'ORD-MN-20260051', 'DEL-NEO', 'Soni Mahardika', 'Dealer Bandung', 'Sleman', 'TRK-MN-00051', 'ON_DELIVERY', 'Distribution Hub', '2026-05-09', '2026-05-04 13:00:00');
INSERT INTO tracking_events (tracking_number, status, location, note, created_at) VALUES ('TRK-MN-00051', 'CREATED', 'Hub 1', 'Status created tercatat', '2026-05-04 14:00:00');
INSERT INTO tracking_events (tracking_number, status, location, note, created_at) VALUES ('TRK-MN-00051', 'PICKED_UP', 'Hub 2', 'Status picked_up tercatat', '2026-05-04 15:00:00');
INSERT INTO tracking_events (tracking_number, status, location, note, created_at) VALUES ('TRK-MN-00051', 'ON_DELIVERY', 'Hub 3', 'Status on_delivery tercatat', '2026-05-04 16:00:00');
INSERT INTO delivery_shipments (shipment_global_id, order_global_id, delivery_code, buyer_name, origin_city, destination_city, tracking_number, shipment_status, current_location, estimated_arrival, created_at) VALUES ('SHIP-00052', 'ORD-MN-20260052', 'DEL-ORI', 'Bima Saputra', 'Dealer Semarang', 'Surabaya', 'TRK-MN-00052', 'READY_TO_SHIP', 'Distribution Hub', '2026-05-10', '2026-05-05 14:00:00');
INSERT INTO tracking_events (tracking_number, status, location, note, created_at) VALUES ('TRK-MN-00052', 'CREATED', 'Hub 1', 'Status created tercatat', '2026-05-05 15:00:00');
INSERT INTO tracking_events (tracking_number, status, location, note, created_at) VALUES ('TRK-MN-00052', 'PICKED_UP', 'Hub 2', 'Status picked_up tercatat', '2026-05-05 16:00:00');
INSERT INTO tracking_events (tracking_number, status, location, note, created_at) VALUES ('TRK-MN-00052', 'ON_DELIVERY', 'Hub 3', 'Status on_delivery tercatat', '2026-05-05 17:00:00');
INSERT INTO delivery_shipments (shipment_global_id, order_global_id, delivery_code, buyer_name, origin_city, destination_city, tracking_number, shipment_status, current_location, estimated_arrival, created_at) VALUES ('SHIP-00053', 'ORD-MN-20260053', 'DEL-SKY', 'Farah Amalia', 'Dealer Jakarta', 'Tangerang', 'TRK-MN-00053', 'DELIVERED', 'Tangerang', '2026-05-11', '2026-05-06 15:00:00');
INSERT INTO tracking_events (tracking_number, status, location, note, created_at) VALUES ('TRK-MN-00053', 'CREATED', 'Hub 1', 'Status created tercatat', '2026-05-06 16:00:00');
INSERT INTO tracking_events (tracking_number, status, location, note, created_at) VALUES ('TRK-MN-00053', 'PICKED_UP', 'Hub 2', 'Status picked_up tercatat', '2026-05-06 17:00:00');
INSERT INTO tracking_events (tracking_number, status, location, note, created_at) VALUES ('TRK-MN-00053', 'ON_DELIVERY', 'Hub 3', 'Status on_delivery tercatat', '2026-05-06 18:00:00');
INSERT INTO tracking_events (tracking_number, status, location, note, created_at) VALUES ('TRK-MN-00053', 'DELIVERED', 'Tangerang', 'Status delivered tercatat', '2026-05-06 19:00:00');
INSERT INTO delivery_shipments (shipment_global_id, order_global_id, delivery_code, buyer_name, origin_city, destination_city, tracking_number, shipment_status, current_location, estimated_arrival, created_at) VALUES ('SHIP-00054', 'ORD-MN-20260054', 'DEL-NEO', 'Raka Pratama', 'Dealer Tangerang', 'Jakarta', 'TRK-MN-00054', 'DELIVERED', 'Jakarta', '2026-05-12', '2026-05-07 16:00:00');
INSERT INTO tracking_events (tracking_number, status, location, note, created_at) VALUES ('TRK-MN-00054', 'CREATED', 'Hub 1', 'Status created tercatat', '2026-05-07 17:00:00');
INSERT INTO tracking_events (tracking_number, status, location, note, created_at) VALUES ('TRK-MN-00054', 'PICKED_UP', 'Hub 2', 'Status picked_up tercatat', '2026-05-07 18:00:00');
INSERT INTO tracking_events (tracking_number, status, location, note, created_at) VALUES ('TRK-MN-00054', 'ON_DELIVERY', 'Hub 3', 'Status on_delivery tercatat', '2026-05-07 19:00:00');
INSERT INTO tracking_events (tracking_number, status, location, note, created_at) VALUES ('TRK-MN-00054', 'DELIVERED', 'Jakarta', 'Status delivered tercatat', '2026-05-07 20:00:00');
INSERT INTO delivery_shipments (shipment_global_id, order_global_id, delivery_code, buyer_name, origin_city, destination_city, tracking_number, shipment_status, current_location, estimated_arrival, created_at) VALUES ('SHIP-00055', 'ORD-MN-20260055', 'DEL-ORI', 'Citra Lestari', 'Dealer Jakarta', 'Semarang', 'TRK-MN-00055', 'DELIVERED', 'Semarang', '2026-05-13', '2026-05-08 17:00:00');
INSERT INTO tracking_events (tracking_number, status, location, note, created_at) VALUES ('TRK-MN-00055', 'CREATED', 'Hub 1', 'Status created tercatat', '2026-05-08 18:00:00');
INSERT INTO tracking_events (tracking_number, status, location, note, created_at) VALUES ('TRK-MN-00055', 'PICKED_UP', 'Hub 2', 'Status picked_up tercatat', '2026-05-08 19:00:00');
INSERT INTO tracking_events (tracking_number, status, location, note, created_at) VALUES ('TRK-MN-00055', 'ON_DELIVERY', 'Hub 3', 'Status on_delivery tercatat', '2026-05-08 20:00:00');
INSERT INTO tracking_events (tracking_number, status, location, note, created_at) VALUES ('TRK-MN-00055', 'DELIVERED', 'Semarang', 'Status delivered tercatat', '2026-05-08 21:00:00');
INSERT INTO delivery_shipments (shipment_global_id, order_global_id, delivery_code, buyer_name, origin_city, destination_city, tracking_number, shipment_status, current_location, estimated_arrival, created_at) VALUES ('SHIP-00056', 'ORD-MN-20260056', 'DEL-SKY', 'Anne Melanika', 'Dealer Surabaya', 'Yogyakarta', 'TRK-MN-00056', 'ON_DELIVERY', 'Distribution Hub', '2026-05-14', '2026-05-09 10:00:00');
INSERT INTO tracking_events (tracking_number, status, location, note, created_at) VALUES ('TRK-MN-00056', 'CREATED', 'Hub 1', 'Status created tercatat', '2026-05-09 11:00:00');
INSERT INTO tracking_events (tracking_number, status, location, note, created_at) VALUES ('TRK-MN-00056', 'PICKED_UP', 'Hub 2', 'Status picked_up tercatat', '2026-05-09 12:00:00');
INSERT INTO tracking_events (tracking_number, status, location, note, created_at) VALUES ('TRK-MN-00056', 'ON_DELIVERY', 'Hub 3', 'Status on_delivery tercatat', '2026-05-09 13:00:00');
INSERT INTO delivery_shipments (shipment_global_id, order_global_id, delivery_code, buyer_name, origin_city, destination_city, tracking_number, shipment_status, current_location, estimated_arrival, created_at) VALUES ('SHIP-00057', 'ORD-MN-20260057', 'DEL-NEO', 'Nadia Putri', 'Dealer Bekasi', 'Bandung', 'TRK-MN-00057', 'READY_TO_SHIP', 'Distribution Hub', '2026-05-15', '2026-05-10 11:00:00');
INSERT INTO tracking_events (tracking_number, status, location, note, created_at) VALUES ('TRK-MN-00057', 'CREATED', 'Hub 1', 'Status created tercatat', '2026-05-10 12:00:00');
INSERT INTO tracking_events (tracking_number, status, location, note, created_at) VALUES ('TRK-MN-00057', 'PICKED_UP', 'Hub 2', 'Status picked_up tercatat', '2026-05-10 13:00:00');
INSERT INTO tracking_events (tracking_number, status, location, note, created_at) VALUES ('TRK-MN-00057', 'ON_DELIVERY', 'Hub 3', 'Status on_delivery tercatat', '2026-05-10 14:00:00');
INSERT INTO delivery_shipments (shipment_global_id, order_global_id, delivery_code, buyer_name, origin_city, destination_city, tracking_number, shipment_status, current_location, estimated_arrival, created_at) VALUES ('SHIP-00058', 'ORD-MN-20260058', 'DEL-ORI', 'Dimas Arya', 'Dealer Bandung', 'Bekasi', 'TRK-MN-00058', 'DELIVERED', 'Bekasi', '2026-05-16', '2026-05-11 12:00:00');
INSERT INTO tracking_events (tracking_number, status, location, note, created_at) VALUES ('TRK-MN-00058', 'CREATED', 'Hub 1', 'Status created tercatat', '2026-05-11 13:00:00');
INSERT INTO tracking_events (tracking_number, status, location, note, created_at) VALUES ('TRK-MN-00058', 'PICKED_UP', 'Hub 2', 'Status picked_up tercatat', '2026-05-11 14:00:00');
INSERT INTO tracking_events (tracking_number, status, location, note, created_at) VALUES ('TRK-MN-00058', 'ON_DELIVERY', 'Hub 3', 'Status on_delivery tercatat', '2026-05-11 15:00:00');
INSERT INTO tracking_events (tracking_number, status, location, note, created_at) VALUES ('TRK-MN-00058', 'DELIVERED', 'Bekasi', 'Status delivered tercatat', '2026-05-11 16:00:00');
INSERT INTO delivery_shipments (shipment_global_id, order_global_id, delivery_code, buyer_name, origin_city, destination_city, tracking_number, shipment_status, current_location, estimated_arrival, created_at) VALUES ('SHIP-00059', 'ORD-MN-20260059', 'DEL-SKY', 'Soni Mahardika', 'Dealer Semarang', 'Sleman', 'TRK-MN-00059', 'DELIVERED', 'Sleman', '2026-05-17', '2026-05-12 13:00:00');
INSERT INTO tracking_events (tracking_number, status, location, note, created_at) VALUES ('TRK-MN-00059', 'CREATED', 'Hub 1', 'Status created tercatat', '2026-05-12 14:00:00');
INSERT INTO tracking_events (tracking_number, status, location, note, created_at) VALUES ('TRK-MN-00059', 'PICKED_UP', 'Hub 2', 'Status picked_up tercatat', '2026-05-12 15:00:00');
INSERT INTO tracking_events (tracking_number, status, location, note, created_at) VALUES ('TRK-MN-00059', 'ON_DELIVERY', 'Hub 3', 'Status on_delivery tercatat', '2026-05-12 16:00:00');
INSERT INTO tracking_events (tracking_number, status, location, note, created_at) VALUES ('TRK-MN-00059', 'DELIVERED', 'Sleman', 'Status delivered tercatat', '2026-05-12 17:00:00');
INSERT INTO delivery_shipments (shipment_global_id, order_global_id, delivery_code, buyer_name, origin_city, destination_city, tracking_number, shipment_status, current_location, estimated_arrival, created_at) VALUES ('SHIP-00060', 'ORD-MN-20260060', 'DEL-NEO', 'Bima Saputra', 'Dealer Bandung', 'Surabaya', 'TRK-MN-00060', 'DELIVERED', 'Surabaya', '2026-05-18', '2026-05-13 14:00:00');
INSERT INTO tracking_events (tracking_number, status, location, note, created_at) VALUES ('TRK-MN-00060', 'CREATED', 'Hub 1', 'Status created tercatat', '2026-05-13 15:00:00');
INSERT INTO tracking_events (tracking_number, status, location, note, created_at) VALUES ('TRK-MN-00060', 'PICKED_UP', 'Hub 2', 'Status picked_up tercatat', '2026-05-13 16:00:00');
INSERT INTO tracking_events (tracking_number, status, location, note, created_at) VALUES ('TRK-MN-00060', 'ON_DELIVERY', 'Hub 3', 'Status on_delivery tercatat', '2026-05-13 17:00:00');
INSERT INTO tracking_events (tracking_number, status, location, note, created_at) VALUES ('TRK-MN-00060', 'DELIVERED', 'Surabaya', 'Status delivered tercatat', '2026-05-13 18:00:00');
INSERT INTO delivery_logs (delivery_code, endpoint, status_code, message, created_at) VALUES ('DEL-NEO', '/shipments', 200, 'delivery gateway log', '2026-05-02 13:01:00');
INSERT INTO delivery_logs (delivery_code, endpoint, status_code, message, created_at) VALUES ('DEL-ORI', '/tracking', 200, 'delivery gateway log', '2026-05-03 13:02:00');
INSERT INTO delivery_logs (delivery_code, endpoint, status_code, message, created_at) VALUES ('DEL-SKY', '/shipments', 200, 'delivery gateway log', '2026-05-04 13:03:00');
INSERT INTO delivery_logs (delivery_code, endpoint, status_code, message, created_at) VALUES ('DEL-NEO', '/tracking', 200, 'delivery gateway log', '2026-05-05 13:04:00');
INSERT INTO delivery_logs (delivery_code, endpoint, status_code, message, created_at) VALUES ('DEL-ORI', '/shipments', 200, 'delivery gateway log', '2026-05-06 13:05:00');
INSERT INTO delivery_logs (delivery_code, endpoint, status_code, message, created_at) VALUES ('DEL-SKY', '/tracking', 200, 'delivery gateway log', '2026-05-07 13:06:00');
INSERT INTO delivery_logs (delivery_code, endpoint, status_code, message, created_at) VALUES ('DEL-NEO', '/shipments', 200, 'delivery gateway log', '2026-05-08 13:07:00');
INSERT INTO delivery_logs (delivery_code, endpoint, status_code, message, created_at) VALUES ('DEL-ORI', '/tracking', 200, 'delivery gateway log', '2026-05-09 13:08:00');
INSERT INTO delivery_logs (delivery_code, endpoint, status_code, message, created_at) VALUES ('DEL-SKY', '/shipments', 200, 'delivery gateway log', '2026-05-10 13:09:00');
INSERT INTO delivery_logs (delivery_code, endpoint, status_code, message, created_at) VALUES ('DEL-NEO', '/tracking', 200, 'delivery gateway log', '2026-05-11 13:10:00');
INSERT INTO delivery_logs (delivery_code, endpoint, status_code, message, created_at) VALUES ('DEL-ORI', '/shipments', 200, 'delivery gateway log', '2026-05-12 13:11:00');
INSERT INTO delivery_logs (delivery_code, endpoint, status_code, message, created_at) VALUES ('DEL-SKY', '/tracking', 200, 'delivery gateway log', '2026-05-13 13:12:00');
INSERT INTO delivery_logs (delivery_code, endpoint, status_code, message, created_at) VALUES ('DEL-NEO', '/shipments', 200, 'delivery gateway log', '2026-05-14 13:13:00');
INSERT INTO delivery_logs (delivery_code, endpoint, status_code, message, created_at) VALUES ('DEL-ORI', '/tracking', 200, 'delivery gateway log', '2026-05-15 13:14:00');
INSERT INTO delivery_logs (delivery_code, endpoint, status_code, message, created_at) VALUES ('DEL-SKY', '/shipments', 200, 'delivery gateway log', '2026-05-16 13:15:00');
INSERT INTO delivery_logs (delivery_code, endpoint, status_code, message, created_at) VALUES ('DEL-NEO', '/tracking', 200, 'delivery gateway log', '2026-05-17 13:16:00');
INSERT INTO delivery_logs (delivery_code, endpoint, status_code, message, created_at) VALUES ('DEL-ORI', '/shipments', 200, 'delivery gateway log', '2026-05-18 13:17:00');
INSERT INTO delivery_logs (delivery_code, endpoint, status_code, message, created_at) VALUES ('DEL-SKY', '/tracking', 200, 'delivery gateway log', '2026-05-19 13:18:00');
INSERT INTO delivery_logs (delivery_code, endpoint, status_code, message, created_at) VALUES ('DEL-NEO', '/shipments', 200, 'delivery gateway log', '2026-05-20 13:19:00');
INSERT INTO delivery_logs (delivery_code, endpoint, status_code, message, created_at) VALUES ('DEL-ORI', '/tracking', 200, 'delivery gateway log', '2026-05-21 13:20:00');
INSERT INTO delivery_logs (delivery_code, endpoint, status_code, message, created_at) VALUES ('DEL-SKY', '/shipments', 200, 'delivery gateway log', '2026-05-22 13:21:00');
INSERT INTO delivery_logs (delivery_code, endpoint, status_code, message, created_at) VALUES ('DEL-NEO', '/tracking', 200, 'delivery gateway log', '2026-05-23 13:22:00');
INSERT INTO delivery_logs (delivery_code, endpoint, status_code, message, created_at) VALUES ('DEL-ORI', '/shipments', 200, 'delivery gateway log', '2026-05-24 13:23:00');
INSERT INTO delivery_logs (delivery_code, endpoint, status_code, message, created_at) VALUES ('DEL-SKY', '/tracking', 200, 'delivery gateway log', '2026-05-01 13:24:00');
INSERT INTO delivery_logs (delivery_code, endpoint, status_code, message, created_at) VALUES ('DEL-NEO', '/shipments', 200, 'delivery gateway log', '2026-05-02 13:25:00');
INSERT INTO delivery_logs (delivery_code, endpoint, status_code, message, created_at) VALUES ('DEL-ORI', '/tracking', 200, 'delivery gateway log', '2026-05-03 13:26:00');
INSERT INTO delivery_logs (delivery_code, endpoint, status_code, message, created_at) VALUES ('DEL-SKY', '/shipments', 200, 'delivery gateway log', '2026-05-04 13:27:00');
INSERT INTO delivery_logs (delivery_code, endpoint, status_code, message, created_at) VALUES ('DEL-NEO', '/tracking', 200, 'delivery gateway log', '2026-05-05 13:28:00');
INSERT INTO delivery_logs (delivery_code, endpoint, status_code, message, created_at) VALUES ('DEL-ORI', '/shipments', 200, 'delivery gateway log', '2026-05-06 13:29:00');
INSERT INTO delivery_logs (delivery_code, endpoint, status_code, message, created_at) VALUES ('DEL-SKY', '/tracking', 200, 'delivery gateway log', '2026-05-07 13:30:00');
INSERT INTO delivery_logs (delivery_code, endpoint, status_code, message, created_at) VALUES ('DEL-NEO', '/shipments', 200, 'delivery gateway log', '2026-05-08 13:31:00');
INSERT INTO delivery_logs (delivery_code, endpoint, status_code, message, created_at) VALUES ('DEL-ORI', '/tracking', 200, 'delivery gateway log', '2026-05-09 13:32:00');
INSERT INTO delivery_logs (delivery_code, endpoint, status_code, message, created_at) VALUES ('DEL-SKY', '/shipments', 200, 'delivery gateway log', '2026-05-10 13:33:00');
INSERT INTO delivery_logs (delivery_code, endpoint, status_code, message, created_at) VALUES ('DEL-NEO', '/tracking', 200, 'delivery gateway log', '2026-05-11 13:34:00');
INSERT INTO delivery_logs (delivery_code, endpoint, status_code, message, created_at) VALUES ('DEL-ORI', '/shipments', 200, 'delivery gateway log', '2026-05-12 13:35:00');
INSERT INTO delivery_logs (delivery_code, endpoint, status_code, message, created_at) VALUES ('DEL-SKY', '/tracking', 200, 'delivery gateway log', '2026-05-13 13:36:00');
INSERT INTO delivery_logs (delivery_code, endpoint, status_code, message, created_at) VALUES ('DEL-NEO', '/shipments', 200, 'delivery gateway log', '2026-05-14 13:37:00');
INSERT INTO delivery_logs (delivery_code, endpoint, status_code, message, created_at) VALUES ('DEL-ORI', '/tracking', 200, 'delivery gateway log', '2026-05-15 13:38:00');
INSERT INTO delivery_logs (delivery_code, endpoint, status_code, message, created_at) VALUES ('DEL-SKY', '/shipments', 200, 'delivery gateway log', '2026-05-16 13:39:00');
INSERT INTO delivery_logs (delivery_code, endpoint, status_code, message, created_at) VALUES ('DEL-NEO', '/tracking', 200, 'delivery gateway log', '2026-05-17 13:40:00');
INSERT INTO delivery_logs (delivery_code, endpoint, status_code, message, created_at) VALUES ('DEL-ORI', '/shipments', 200, 'delivery gateway log', '2026-05-18 13:41:00');
INSERT INTO delivery_logs (delivery_code, endpoint, status_code, message, created_at) VALUES ('DEL-SKY', '/tracking', 200, 'delivery gateway log', '2026-05-19 13:42:00');
INSERT INTO delivery_logs (delivery_code, endpoint, status_code, message, created_at) VALUES ('DEL-NEO', '/shipments', 200, 'delivery gateway log', '2026-05-20 13:43:00');
INSERT INTO delivery_logs (delivery_code, endpoint, status_code, message, created_at) VALUES ('DEL-ORI', '/tracking', 200, 'delivery gateway log', '2026-05-21 13:44:00');
INSERT INTO delivery_logs (delivery_code, endpoint, status_code, message, created_at) VALUES ('DEL-SKY', '/shipments', 200, 'delivery gateway log', '2026-05-22 13:45:00');
INSERT INTO delivery_logs (delivery_code, endpoint, status_code, message, created_at) VALUES ('DEL-NEO', '/tracking', 200, 'delivery gateway log', '2026-05-23 13:46:00');
INSERT INTO delivery_logs (delivery_code, endpoint, status_code, message, created_at) VALUES ('DEL-ORI', '/shipments', 200, 'delivery gateway log', '2026-05-24 13:47:00');
INSERT INTO delivery_logs (delivery_code, endpoint, status_code, message, created_at) VALUES ('DEL-SKY', '/tracking', 200, 'delivery gateway log', '2026-05-01 13:48:00');
INSERT INTO delivery_logs (delivery_code, endpoint, status_code, message, created_at) VALUES ('DEL-NEO', '/shipments', 200, 'delivery gateway log', '2026-05-02 13:49:00');
INSERT INTO delivery_logs (delivery_code, endpoint, status_code, message, created_at) VALUES ('DEL-ORI', '/tracking', 200, 'delivery gateway log', '2026-05-03 13:50:00');
INSERT INTO delivery_logs (delivery_code, endpoint, status_code, message, created_at) VALUES ('DEL-SKY', '/shipments', 200, 'delivery gateway log', '2026-05-04 13:51:00');
INSERT INTO delivery_logs (delivery_code, endpoint, status_code, message, created_at) VALUES ('DEL-NEO', '/tracking', 200, 'delivery gateway log', '2026-05-05 13:52:00');
INSERT INTO delivery_logs (delivery_code, endpoint, status_code, message, created_at) VALUES ('DEL-ORI', '/shipments', 200, 'delivery gateway log', '2026-05-06 13:53:00');
INSERT INTO delivery_logs (delivery_code, endpoint, status_code, message, created_at) VALUES ('DEL-SKY', '/tracking', 200, 'delivery gateway log', '2026-05-07 13:54:00');
INSERT INTO delivery_logs (delivery_code, endpoint, status_code, message, created_at) VALUES ('DEL-NEO', '/shipments', 200, 'delivery gateway log', '2026-05-08 13:55:00');
INSERT INTO delivery_logs (delivery_code, endpoint, status_code, message, created_at) VALUES ('DEL-ORI', '/tracking', 200, 'delivery gateway log', '2026-05-09 13:56:00');
INSERT INTO delivery_logs (delivery_code, endpoint, status_code, message, created_at) VALUES ('DEL-SKY', '/shipments', 200, 'delivery gateway log', '2026-05-10 13:57:00');
INSERT INTO delivery_logs (delivery_code, endpoint, status_code, message, created_at) VALUES ('DEL-NEO', '/tracking', 200, 'delivery gateway log', '2026-05-11 13:58:00');
INSERT INTO delivery_logs (delivery_code, endpoint, status_code, message, created_at) VALUES ('DEL-ORI', '/shipments', 200, 'delivery gateway log', '2026-05-12 13:59:00');
INSERT INTO delivery_logs (delivery_code, endpoint, status_code, message, created_at) VALUES ('DEL-SKY', '/tracking', 200, 'delivery gateway log', '2026-05-13 13:00:00');
INSERT INTO delivery_logs (delivery_code, endpoint, status_code, message, created_at) VALUES ('DEL-NEO', '/shipments', 200, 'delivery gateway log', '2026-05-14 13:01:00');
INSERT INTO delivery_logs (delivery_code, endpoint, status_code, message, created_at) VALUES ('DEL-ORI', '/tracking', 200, 'delivery gateway log', '2026-05-15 13:02:00');
INSERT INTO delivery_logs (delivery_code, endpoint, status_code, message, created_at) VALUES ('DEL-SKY', '/shipments', 200, 'delivery gateway log', '2026-05-16 13:03:00');
INSERT INTO delivery_logs (delivery_code, endpoint, status_code, message, created_at) VALUES ('DEL-NEO', '/tracking', 200, 'delivery gateway log', '2026-05-17 13:04:00');
INSERT INTO delivery_logs (delivery_code, endpoint, status_code, message, created_at) VALUES ('DEL-ORI', '/shipments', 200, 'delivery gateway log', '2026-05-18 13:05:00');
INSERT INTO delivery_logs (delivery_code, endpoint, status_code, message, created_at) VALUES ('DEL-SKY', '/tracking', 200, 'delivery gateway log', '2026-05-19 13:06:00');
INSERT INTO delivery_logs (delivery_code, endpoint, status_code, message, created_at) VALUES ('DEL-NEO', '/shipments', 200, 'delivery gateway log', '2026-05-20 13:07:00');
INSERT INTO delivery_logs (delivery_code, endpoint, status_code, message, created_at) VALUES ('DEL-ORI', '/tracking', 200, 'delivery gateway log', '2026-05-21 13:08:00');
INSERT INTO delivery_logs (delivery_code, endpoint, status_code, message, created_at) VALUES ('DEL-SKY', '/shipments', 200, 'delivery gateway log', '2026-05-22 13:09:00');
INSERT INTO delivery_logs (delivery_code, endpoint, status_code, message, created_at) VALUES ('DEL-NEO', '/tracking', 200, 'delivery gateway log', '2026-05-23 13:10:00');
INSERT INTO delivery_logs (delivery_code, endpoint, status_code, message, created_at) VALUES ('DEL-ORI', '/shipments', 200, 'delivery gateway log', '2026-05-24 13:11:00');
INSERT INTO delivery_logs (delivery_code, endpoint, status_code, message, created_at) VALUES ('DEL-SKY', '/tracking', 200, 'delivery gateway log', '2026-05-01 13:12:00');
INSERT INTO delivery_logs (delivery_code, endpoint, status_code, message, created_at) VALUES ('DEL-NEO', '/shipments', 200, 'delivery gateway log', '2026-05-02 13:13:00');
INSERT INTO delivery_logs (delivery_code, endpoint, status_code, message, created_at) VALUES ('DEL-ORI', '/tracking', 200, 'delivery gateway log', '2026-05-03 13:14:00');
INSERT INTO delivery_logs (delivery_code, endpoint, status_code, message, created_at) VALUES ('DEL-SKY', '/shipments', 200, 'delivery gateway log', '2026-05-04 13:15:00');
INSERT INTO delivery_logs (delivery_code, endpoint, status_code, message, created_at) VALUES ('DEL-NEO', '/tracking', 200, 'delivery gateway log', '2026-05-05 13:16:00');
INSERT INTO delivery_logs (delivery_code, endpoint, status_code, message, created_at) VALUES ('DEL-ORI', '/shipments', 200, 'delivery gateway log', '2026-05-06 13:17:00');
INSERT INTO delivery_logs (delivery_code, endpoint, status_code, message, created_at) VALUES ('DEL-SKY', '/tracking', 200, 'delivery gateway log', '2026-05-07 13:18:00');
INSERT INTO delivery_logs (delivery_code, endpoint, status_code, message, created_at) VALUES ('DEL-NEO', '/shipments', 200, 'delivery gateway log', '2026-05-08 13:19:00');
INSERT INTO delivery_logs (delivery_code, endpoint, status_code, message, created_at) VALUES ('DEL-ORI', '/tracking', 200, 'delivery gateway log', '2026-05-09 13:20:00');
INSERT INTO delivery_logs (delivery_code, endpoint, status_code, message, created_at) VALUES ('DEL-SKY', '/shipments', 200, 'delivery gateway log', '2026-05-10 13:21:00');
INSERT INTO delivery_logs (delivery_code, endpoint, status_code, message, created_at) VALUES ('DEL-NEO', '/tracking', 200, 'delivery gateway log', '2026-05-11 13:22:00');
INSERT INTO delivery_logs (delivery_code, endpoint, status_code, message, created_at) VALUES ('DEL-ORI', '/shipments', 200, 'delivery gateway log', '2026-05-12 13:23:00');
INSERT INTO delivery_logs (delivery_code, endpoint, status_code, message, created_at) VALUES ('DEL-SKY', '/tracking', 200, 'delivery gateway log', '2026-05-13 13:24:00');
INSERT INTO delivery_logs (delivery_code, endpoint, status_code, message, created_at) VALUES ('DEL-NEO', '/shipments', 200, 'delivery gateway log', '2026-05-14 13:25:00');
INSERT INTO delivery_logs (delivery_code, endpoint, status_code, message, created_at) VALUES ('DEL-ORI', '/tracking', 200, 'delivery gateway log', '2026-05-15 13:26:00');
INSERT INTO delivery_logs (delivery_code, endpoint, status_code, message, created_at) VALUES ('DEL-SKY', '/shipments', 200, 'delivery gateway log', '2026-05-16 13:27:00');
INSERT INTO delivery_logs (delivery_code, endpoint, status_code, message, created_at) VALUES ('DEL-NEO', '/tracking', 200, 'delivery gateway log', '2026-05-17 13:28:00');
INSERT INTO delivery_logs (delivery_code, endpoint, status_code, message, created_at) VALUES ('DEL-ORI', '/shipments', 200, 'delivery gateway log', '2026-05-18 13:29:00');
INSERT INTO delivery_logs (delivery_code, endpoint, status_code, message, created_at) VALUES ('DEL-SKY', '/tracking', 200, 'delivery gateway log', '2026-05-19 13:30:00');

-- =========================================================
-- COMPANY LOGIN ACCOUNTS (role-based access per company)
-- =========================================================

USE seller_auto2000_db;
CREATE TABLE seller_users(user_id INT AUTO_INCREMENT PRIMARY KEY, seller_code VARCHAR(40), full_name VARCHAR(120), email VARCHAR(120) UNIQUE, password VARCHAR(80), role VARCHAR(40), status VARCHAR(20));
INSERT INTO seller_users(seller_code, full_name, email, password, role, status) VALUES ('SELLER-A2000','Admin Auto2000','sales@auto2000.co.id','seller123','Seller Manager','ACTIVE');

USE seller_honda_db;
CREATE TABLE seller_users(user_id INT AUTO_INCREMENT PRIMARY KEY, seller_code VARCHAR(40), full_name VARCHAR(120), email VARCHAR(120) UNIQUE, password VARCHAR(80), role VARCHAR(40), status VARCHAR(20));
INSERT INTO seller_users(seller_code, full_name, email, password, role, status) VALUES ('SELLER-HONDA','Admin Honda','sales@honda.co.id','seller123','Seller Manager','ACTIVE');

USE seller_mitsubishi_db;
CREATE TABLE seller_users(user_id INT AUTO_INCREMENT PRIMARY KEY, seller_code VARCHAR(40), full_name VARCHAR(120), email VARCHAR(120) UNIQUE, password VARCHAR(80), role VARCHAR(40), status VARCHAR(20));
INSERT INTO seller_users(seller_code, full_name, email, password, role, status) VALUES ('SELLER-MITSUBISHI','Admin Mitsubishi','sales@mitsubishi.co.id','seller123','Seller Manager','ACTIVE');

USE seller_hyundai_db;
CREATE TABLE seller_users(user_id INT AUTO_INCREMENT PRIMARY KEY, seller_code VARCHAR(40), full_name VARCHAR(120), email VARCHAR(120) UNIQUE, password VARCHAR(80), role VARCHAR(40), status VARCHAR(20));
INSERT INTO seller_users(seller_code, full_name, email, password, role, status) VALUES ('SELLER-HYUNDAI','Admin Hyundai','sales@hyundai.co.id','seller123','Seller Manager','ACTIVE');

USE seller_suzuki_db;
CREATE TABLE seller_users(user_id INT AUTO_INCREMENT PRIMARY KEY, seller_code VARCHAR(40), full_name VARCHAR(120), email VARCHAR(120) UNIQUE, password VARCHAR(80), role VARCHAR(40), status VARCHAR(20));
INSERT INTO seller_users(seller_code, full_name, email, password, role, status) VALUES ('SELLER-SUZUKI','Admin Suzuki','sales@suzuki.co.id','seller123','Seller Manager','ACTIVE');

USE seller_wuling_db;
CREATE TABLE seller_users(user_id INT AUTO_INCREMENT PRIMARY KEY, seller_code VARCHAR(40), full_name VARCHAR(120), email VARCHAR(120) UNIQUE, password VARCHAR(80), role VARCHAR(40), status VARCHAR(20));
INSERT INTO seller_users(seller_code, full_name, email, password, role, status) VALUES ('SELLER-WULING','Admin Wuling','sales@wuling.co.id','seller123','Seller Manager','ACTIVE');

USE payment_gateway_db;
CREATE TABLE payment_users(user_id INT AUTO_INCREMENT PRIMARY KEY, provider_code VARCHAR(40), provider_name VARCHAR(120), full_name VARCHAR(120), email VARCHAR(120) UNIQUE, password VARCHAR(80), role VARCHAR(40), status VARCHAR(20));
INSERT INTO payment_users(provider_code, provider_name, full_name, email, password, role, status) VALUES
('FIN-DANA','DANA Digital Wallet','DANA Digital Wallet Team','dana@mobilniaga.id','dana123','Operator','ACTIVE'),
('FIN-BANK','Bank Kirana Digital','Bank Kirana Digital Team','bank@mobilniaga.id','bank123','Operator','ACTIVE'),
('FIN-GOPAY','GoPay Financial Services','GoPay Financial Services Team','gopay@mobilniaga.id','gopay123','Operator','ACTIVE');

USE delivery_gateway_db;
CREATE TABLE delivery_users(user_id INT AUTO_INCREMENT PRIMARY KEY, delivery_code VARCHAR(40), delivery_name VARCHAR(120), full_name VARCHAR(120), email VARCHAR(120) UNIQUE, password VARCHAR(80), role VARCHAR(40), status VARCHAR(20));
INSERT INTO delivery_users(delivery_code, delivery_name, full_name, email, password, role, status) VALUES
('DEL-SKY','SkySend Express','SkySend Express Team','skysend@mobilniaga.id','sky123','Operator','ACTIVE'),
('DEL-NEO','NeoRush Delivery','NeoRush Delivery Team','neorush@mobilniaga.id','neo123','Operator','ACTIVE'),
('DEL-ORI','OrionCargo Logistics','OrionCargo Logistics Team','orion@mobilniaga.id','orion123','Operator','ACTIVE');
